Date,sp500_close,sp500_high,sp500_low,sp500_open,sp500_volume,usdinr_close,usdinr_high,usdinr_low,usdinr_open,usdinr_volume,gold_close,gold_high,gold_low,gold_open,gold_volume,crude_close,crude_high,crude_low,crude_open,crude_volume,us_vix_close,us_vix_high,us_vix_low,us_vix_open,us_vix_volume,bank_close,bank_high,bank_low,bank_open,bank_volume
2023-05-12 05:30:00+05:30,4124.080078125,4143.740234375,4099.1201171875,4138.5400390625,3533740000.0,82.10030364990234,82.22560119628906,82.06500244140625,82.10030364990234,0.0,2014.5,2014.5,2014.5,2014.5,115.0,70.04000091552734,71.77999877929688,69.93000030517578,71.41999816894531,275435.0,17.030000686645508,17.920000076293945,16.3799991607666,16.829999923706055,0.0,43793.55078125,43905.94921875,43347.75,43447.1484375,144900.0
2023-05-15 05:30:00+05:30,4136.27978515625,4141.25,4110.27001953125,4126.64990234375,3562170000.0,82.20030212402344,82.37359619140625,82.18399810791016,82.20030212402344,0.0,2018.0,2018.0,2013.800048828125,2013.800048828125,3.0,71.11000061035156,71.69000244140625,69.41000366210938,70.04000091552734,259013.0,17.1200008392334,18.15999984741211,17.079999923706055,17.440000534057617,0.0,44072.1015625,44151.69921875,43666.6015625,43821.05078125,161300.0
2023-05-16 05:30:00+05:30,4109.89990234375,4135.5400390625,4109.85986328125,4127.9501953125,3654200000.0,82.2667007446289,82.31449890136719,82.15799713134766,82.2667007446289,0.0,1988.4000244140625,1988.4000244140625,1988.4000244140625,1988.4000244140625,49.0,70.86000061035156,71.79000091552734,70.44999694824219,71.31999969482422,232328.0,17.989999771118164,18.299999237060547,17.260000228881836,17.540000915527344,0.0,43903.69921875,44144.1484375,43815.69921875,44144.1484375,222500.0
2023-05-17 05:30:00+05:30,4158.77001953125,4164.669921875,4113.6201171875,4122.85009765625,4039080000.0,82.2959976196289,82.44830322265625,82.25,82.2959976196289,0.0,1980.699951171875,1983.5999755859375,1980.699951171875,1983.5999755859375,13.0,72.83000183105469,73.26000213623047,70.04000091552734,70.5999984741211,273708.0,16.8700008392334,18.260000228881836,16.68000030517578,17.959999084472656,0.0,43698.69921875,43992.75,43446.3984375,43948.5,203600.0
2023-05-18 05:30:00+05:30,4198.0498046875,4202.2001953125,4153.5,4157.68017578125,3980500000.0,82.45030212402344,82.79149627685547,82.34249877929688,82.45030212402344,0.0,1956.5,1956.800048828125,1956.5,1956.5,23.0,71.86000061035156,72.87000274658203,71.41999816894531,72.75,80864.0,16.049999237060547,17.149999618530273,16.049999237060547,16.920000076293945,0.0,43752.30078125,44079.19921875,43673.69921875,44006.8984375,226500.0
2023-05-19 05:30:00+05:30,4191.97998046875,4212.91015625,4180.2001953125,4204.14990234375,4041900000.0,82.72509765625,82.94940185546875,82.63700103759766,82.72509765625,0.0,1978.699951171875,1978.699951171875,1960.0,1960.0,106.0,71.55000305175781,73.4000015258789,71.02999877929688,71.94000244140625,69949.0,16.809999465942383,17.360000610351562,15.850000381469727,16.1299991607666,0.0,43969.3984375,44020.8984375,43531.8984375,43930.0,192000.0
2023-05-22 05:30:00+05:30,4192.6298828125,4209.22021484375,4179.68017578125,4190.77978515625,3728520000.0,82.90480041503906,82.90509796142578,82.7300033569336,82.90480041503906,0.0,1974.800048828125,1980.5,1974.800048828125,1980.5,8.0,71.98999786376953,72.36000061035156,70.55000305175781,71.69999694824219,263977.0,17.209999084472656,18.1299991607666,16.81999969482422,17.450000762939453,0.0,43885.1015625,44026.75,43684.8984375,43935.30078125,183800.0
2023-05-23 05:30:00+05:30,4145.580078125,4185.68017578125,4142.5400390625,4176.7998046875,4155320000.0,82.82499694824219,82.8772964477539,82.75700378417969,82.82499694824219,0.0,1972.4000244140625,1972.4000244140625,1972.4000244140625,1972.4000244140625,1.0,72.91000366210938,73.79000091552734,71.70999908447266,72.0999984741211,317586.0,18.530000686645508,19.309999465942383,17.299999237060547,17.350000381469727,0.0,43954.44921875,44095.25,43852.19921875,43978.8984375,142000.0
2023-05-24 05:30:00+05:30,4115.240234375,4132.9599609375,4103.97998046875,4132.9599609375,0.0,82.8906021118164,82.94100189208984,82.57479858398438,82.8906021118164,0.0,1962.800048828125,1975.4000244140625,1962.800048828125,1975.4000244140625,189.0,74.33999633789062,74.7300033569336,73.12999725341797,73.7699966430664,386611.0,20.030000686645508,20.809999465942383,18.799999237060547,18.799999237060547,0.0,43677.8515625,44010.44921875,43639.80078125,43751.94921875,148600.0
2023-05-25 05:30:00+05:30,4151.27978515625,4165.740234375,4129.72998046875,4155.7099609375,4147760000.0,82.71369934082031,82.80970001220703,82.6405029296875,82.71369934082031,0.0,1943.0999755859375,1943.0999755859375,1943.0999755859375,1943.0999755859375,1.0,71.83000183105469,74.37000274658203,70.9800033569336,74.20999908447266,422637.0,19.139999389648438,19.950000762939453,18.700000762939453,19.540000915527344,0.0,43681.3984375,43719.8515625,43390.30078125,43630.25,170200.0
2023-05-26 05:30:00+05:30,4205.4501953125,4212.8701171875,4156.16015625,4156.16015625,3715460000.0,82.74210357666016,82.80999755859375,82.53369903564453,82.74210357666016,0.0,1944.0999755859375,1948.4000244140625,1944.0999755859375,1948.199951171875,166036.0,72.66999816894531,73.05000305175781,71.48999786376953,71.88999938964844,261498.0,17.950000762939453,19.559999465942383,17.270000457763672,19.06999969482422,0.0,44018.0,44067.6015625,43588.80078125,43765.3515625,143200.0
2023-05-29 05:30:00+05:30,4205.4501953125,4212.8701171875,4156.16015625,4156.16015625,3715460000.0,82.57479858398438,82.73770141601562,82.50879669189453,82.57479858398438,0.0,1944.0999755859375,1948.4000244140625,1944.0999755859375,1948.199951171875,166036.0,72.66999816894531,73.05000305175781,71.48999786376953,71.88999938964844,261498.0,17.950000762939453,19.559999465942383,17.270000457763672,19.06999969482422,0.0,44311.8984375,44483.3515625,44193.94921875,44276.80078125,148600.0
2023-05-30 05:30:00+05:30,4205.52001953125,4231.10009765625,4192.18017578125,4226.7099609375,4228510000.0,82.57969665527344,82.78450012207031,82.52999877929688,82.57969665527344,0.0,1958.0,1962.5999755859375,1931.0,1942.699951171875,37838.0,69.45999908447266,73.55000305175781,69.0199966430664,73.2300033569336,440862.0,17.459999084472656,18.34000015258789,16.979999542236328,17.559999465942383,0.0,44436.3515625,44498.6015625,44207.5,44277.3515625,157600.0
2023-05-31 05:30:00+05:30,4179.830078125,4195.43994140625,4166.14990234375,4190.740234375,5980670000.0,82.68389892578125,82.75260162353516,82.62010192871094,82.68389892578125,0.0,1963.9000244140625,1973.0,1953.0,1958.199951171875,5959.0,68.08999633789062,69.69000244140625,67.02999877929688,69.62000274658203,444787.0,17.940000534057617,18.399999618530273,17.1200008392334,18.040000915527344,0.0,44128.1484375,44339.05078125,43822.69921875,44318.0,305700.0
2023-06-01 05:30:00+05:30,4221.02001953125,4232.43017578125,4171.64013671875,4183.02978515625,4391860000.0,82.66680145263672,82.71199798583984,82.31449890136719,82.66680145263672,0.0,1978.0,1983.0,1954.300048828125,1963.199951171875,750.0,70.0999984741211,71.06999969482422,67.51000213623047,67.5999984741211,395393.0,15.649999618530273,17.59000015258789,15.579999923706055,17.239999771118164,0.0,43790.19921875,44179.94921875,43706.1484375,44172.05078125,182900.0
2023-06-02 05:30:00+05:30,4282.3701171875,4290.669921875,4241.009765625,4241.009765625,4454200000.0,82.27670288085938,82.43180084228516,82.2344970703125,82.27670288085938,0.0,1952.4000244140625,1982.5,1947.4000244140625,1977.0999755859375,356.0,71.73999786376953,72.16999816894531,70.0,70.20999908447266,322596.0,14.600000381469727,15.649999618530273,14.420000076293945,15.649999618530273,0.0,43937.8515625,44088.8984375,43812.55078125,43997.30078125,123900.0
2023-06-05 05:30:00+05:30,4273.7900390625,4299.27978515625,4266.81982421875,4282.990234375,3813290000.0,82.40979766845703,82.68450164794922,82.38099670410156,82.40979766845703,0.0,1958.0,1961.9000244140625,1937.800048828125,1947.5,713.0,72.1500015258789,75.05999755859375,71.7300033569336,75.02999877929688,383943.0,14.729999542236328,15.289999961853027,14.65999984741211,15.279999732971191,0.0,44101.6484375,44266.1484375,44074.19921875,44103.25,124500.0
2023-06-06 05:30:00+05:30,4283.85009765625,4288.330078125,4263.08984375,4271.33984375,3996560000.0,82.51119995117188,82.64800262451172,82.47650146484375,82.51119995117188,0.0,1965.5,1965.5,1958.800048828125,1960.800048828125,164.0,71.73999786376953,72.33000183105469,70.12999725341797,71.98999786376953,314962.0,13.960000038146973,14.970000267028809,13.949999809265137,14.90999984741211,0.0,44164.55078125,44236.19921875,44009.69921875,44156.69921875,123600.0
2023-06-07 05:30:00+05:30,4267.52001953125,4299.18994140625,4263.9599609375,4285.47021484375,4537800000.0,82.51719665527344,82.62239837646484,82.46700286865234,82.51719665527344,0.0,1942.699951171875,1968.4000244140625,1940.699951171875,1959.0,139.0,72.52999877929688,73.19000244140625,71.01000213623047,71.55999755859375,299127.0,13.9399995803833,14.289999961853027,13.770000457763672,14.140000343322754,0.0,44275.30078125,44346.30078125,44143.5,44318.69921875,119200.0
2023-06-08 05:30:00+05:30,4293.93017578125,4298.009765625,4261.06982421875,4268.68994140625,3826740000.0,82.61810302734375,82.64679718017578,82.46900177001953,82.61810302734375,0.0,1963.5999755859375,1969.0,1943.0999755859375,1943.199951171875,433.0,71.29000091552734,73.27999877929688,69.02999877929688,72.47000122070312,485396.0,13.649999618530273,14.210000038146973,13.529999732971191,14.140000343322754,0.0,43995.25,44459.25,43917.8984375,44208.30078125,160200.0
2023-06-09 05:30:00+05:30,4298.85986328125,4322.6201171875,4291.7001953125,4304.8798828125,3786510000.0,82.48829650878906,82.52079772949219,82.41300201416016,82.48829650878906,0.0,1962.199951171875,1969.800048828125,1960.300048828125,1965.0999755859375,49.0,70.16999816894531,71.7699966430664,70.0999984741211,70.94000244140625,300724.0,13.829999923706055,14.140000343322754,13.5,13.779999732971191,0.0,43989.0,44220.1015625,43932.6015625,44045.75,132300.0
2023-06-12 05:30:00+05:30,4338.93017578125,4340.1298828125,4304.3701171875,4308.31982421875,3945670000.0,82.4448013305664,82.5552978515625,82.3853988647461,82.4448013305664,0.0,1955.300048828125,1963.5,1951.4000244140625,1959.699951171875,212.0,67.12000274658203,70.33000183105469,66.80000305175781,70.2699966430664,404769.0,15.010000228881836,15.020000457763672,14.319999694824219,14.4399995803833,0.0,43944.19921875,44124.94921875,43874.05078125,44035.19921875,91400.0
2023-06-13 05:30:00+05:30,4369.009765625,4375.3701171875,4349.31005859375,4352.60986328125,4275400000.0,82.33719635009766,82.49030303955078,82.1520004272461,82.33719635009766,0.0,1944.5999755859375,1967.5,1940.300048828125,1960.5999755859375,343.0,69.41999816894531,69.83000183105469,67.1500015258789,67.30999755859375,366354.0,14.609999656677246,15.0600004196167,14.470000267028809,14.989999771118164,0.0,44079.8515625,44138.1484375,43889.69921875,43889.69921875,160000.0
2023-06-14 05:30:00+05:30,4372.58984375,4391.81982421875,4337.85009765625,4366.2900390625,4252110000.0,82.29039764404297,82.32499694824219,81.93099975585938,82.29039764404297,0.0,1955.300048828125,1958.199951171875,1940.300048828125,1946.199951171875,202.0,68.2699966430664,70.48999786376953,68.06999969482422,69.3499984741211,304449.0,13.880000114440918,14.729999542236328,13.829999923706055,14.479999542236328,0.0,43988.0,44212.3515625,43956.1484375,44181.6484375,154600.0
2023-06-15 05:30:00+05:30,4425.83984375,4439.2001953125,4362.60009765625,4365.330078125,4176690000.0,82.04499816894531,82.26319885253906,81.93599700927734,82.04499816894531,0.0,1957.800048828125,1958.800048828125,1926.0,1941.699951171875,329.0,70.62000274658203,70.95999908447266,67.97000122070312,68.69999694824219,115613.0,14.5,14.520000457763672,13.789999961853027,14.09000015258789,0.0,43443.6015625,44077.44921875,43397.5,44054.3515625,228200.0
2023-06-16 05:30:00+05:30,4409.58984375,4448.47021484375,4407.43994140625,4440.9501953125,6848600000.0,81.9126968383789,82.01589965820312,81.85130310058594,81.9126968383789,0.0,1958.4000244140625,1962.9000244140625,1953.5,1961.4000244140625,119.0,71.77999877929688,71.88999938964844,69.94999694824219,70.55000305175781,99185.0,13.539999961853027,14.539999961853027,13.479999542236328,14.489999771118164,0.0,43938.1484375,44083.25,43536.94921875,43583.3515625,234700.0
2023-06-19 05:30:00+05:30,4409.58984375,4448.47021484375,4407.43994140625,4440.9501953125,6848600000.0,81.91480255126953,82.00199890136719,81.89299774169922,81.91480255126953,0.0,1958.4000244140625,1962.9000244140625,1953.5,1961.4000244140625,119.0,71.77999877929688,71.88999938964844,69.94999694824219,70.55000305175781,99185.0,13.539999961853027,14.539999961853027,13.479999542236328,14.489999771118164,0.0,43633.75,44040.3515625,43501.3984375,44015.30078125,234900.0
2023-06-20 05:30:00+05:30,4388.7099609375,4400.14990234375,4367.18994140625,4396.10986328125,4055790000.0,81.98139953613281,82.16480255126953,81.91529846191406,81.98139953613281,0.0,1935.5,1958.5999755859375,1931.300048828125,1958.5999755859375,193.0,70.5,72.08999633789062,69.6500015258789,71.44999694824219,430492.0,13.880000114440918,14.670000076293945,13.859999656677246,14.359999656677246,0.0,43766.5,43823.94921875,43345.94921875,43597.55078125,161900.0
2023-06-21 05:30:00+05:30,4365.68994140625,4386.22021484375,4360.14013671875,4380.009765625,3709330000.0,81.9917984008789,82.1272964477539,81.9469985961914,81.9917984008789,0.0,1933.300048828125,1936.800048828125,1920.0,1935.5999755859375,557.0,72.52999877929688,72.72000122070312,70.80000305175781,70.9000015258789,264656.0,13.199999809265137,13.890000343322754,13.100000381469727,13.880000114440918,0.0,43859.19921875,43946.69921875,43698.94921875,43894.3984375,180000.0
2023-06-22 05:30:00+05:30,4381.89013671875,4382.25,4351.81982421875,4355.39990234375,3511000000.0,81.94149780273438,82.08380126953125,81.88739776611328,81.94149780273438,0.0,1912.699951171875,1921.0,1912.0999755859375,1920.0,237.0,69.51000213623047,72.6500015258789,68.93000030517578,72.43000030517578,421348.0,12.90999984741211,13.979999542236328,12.729999542236328,13.880000114440918,0.0,43724.8515625,44042.1484375,43663.3515625,43874.80078125,263800.0
2023-06-23 05:30:00+05:30,4348.330078125,4366.5498046875,4341.33984375,4354.169921875,6053620000.0,81.91929626464844,82.07849884033203,81.92489624023438,81.91929626464844,0.0,1919.0999755859375,1932.5,1918.699951171875,1918.699951171875,105.0,69.16000366210938,69.6500015258789,67.3499984741211,69.52999877929688,322475.0,13.4399995803833,13.800000190734863,12.880000114440918,13.239999771118164,0.0,43622.8984375,43824.1015625,43519.55078125,43641.6015625,161300.0
2023-06-26 05:30:00+05:30,4328.81982421875,4362.06005859375,4328.080078125,4344.83984375,3415030000.0,81.98480224609375,82.072998046875,81.94309997558594,81.98480224609375,0.0,1923.699951171875,1928.5,1922.5,1922.9000244140625,71.0,69.37000274658203,70.11000061035156,68.70999908447266,69.83999633789062,280116.0,14.25,14.710000038146973,13.779999732971191,14.430000305175781,0.0,43641.05078125,43773.1015625,43541.75,43714.75,120700.0
2023-06-27 05:30:00+05:30,4378.41015625,4384.419921875,4335.0,4337.35986328125,3573500000.0,82.00650024414062,82.04219818115234,81.94300079345703,82.00650024414062,0.0,1914.0,1929.4000244140625,1914.0,1927.0,49.0,67.69999694824219,70.1500015258789,67.5,69.48999786376953,384752.0,13.739999771118164,14.34000015258789,13.59000015258789,14.109999656677246,0.0,44121.5,44194.6484375,43693.1484375,43804.55078125,137300.0
2023-06-28 05:30:00+05:30,4376.85986328125,4390.35009765625,4360.22021484375,4367.47998046875,3739330000.0,81.99839782714844,82.08550262451172,81.96109771728516,81.99839782714844,0.0,1912.300048828125,1912.300048828125,1912.300048828125,1912.300048828125,628.0,69.55999755859375,69.7300033569336,67.05000305175781,68.01000213623047,368295.0,13.430000305175781,13.960000038146973,13.359999656677246,13.899999618530273,0.0,44327.80078125,44508.3984375,44163.19921875,44419.5,243800.0
2023-06-29 05:30:00+05:30,4396.43994140625,4398.39013671875,4371.97021484375,4374.93994140625,3696660000.0,82.02649688720703,82.2125015258789,81.99700164794922,82.02649688720703,0.0,1909.199951171875,1909.9000244140625,1892.5,1909.9000244140625,289.0,69.86000061035156,70.5999984741211,68.93000030517578,69.25,292865.0,13.539999961853027,13.850000381469727,13.40999984741211,13.640000343322754,0.0,44327.80078125,44508.3984375,44163.19921875,44419.5,243800.0
2023-06-30 05:30:00+05:30,4450.3798828125,4458.47998046875,4422.43994140625,4422.43994140625,3923450000.0,82.07540130615234,82.19629669189453,82.00810241699219,82.07540130615234,0.0,1921.0999755859375,1921.0999755859375,1900.5999755859375,1908.5999755859375,445.0,70.63999938964844,71.04000091552734,69.52999877929688,69.81999969482422,299873.0,13.59000015258789,13.59000015258789,12.960000038146973,13.510000228881836,0.0,44747.3515625,44787.1015625,44447.19921875,44666.0,191300.0
2023-07-03 05:30:00+05:30,4455.58984375,4456.4599609375,4442.2900390625,4450.47998046875,2034280000.0,82.09629821777344,82.11239624023438,81.76619720458984,82.09629821777344,0.0,1921.699951171875,1929.5,1917.9000244140625,1917.9000244140625,41.0,69.79000091552734,71.7699966430664,69.69000244140625,70.44999694824219,303479.0,13.569999694824219,13.850000381469727,13.470000267028809,13.850000381469727,0.0,45158.1015625,45353.19921875,44882.1015625,44957.94921875,228200.0
2023-07-04 05:30:00+05:30,4455.58984375,4456.4599609375,4442.2900390625,4450.47998046875,2034280000.0,81.95010375976562,82.02559661865234,81.86669921875,81.95010375976562,0.0,1921.699951171875,1929.5,1917.9000244140625,1917.9000244140625,41.0,69.79000091552734,71.7699966430664,69.69000244140625,70.44999694824219,303479.0,13.569999694824219,13.850000381469727,13.470000267028809,13.850000381469727,0.0,45301.44921875,45655.5,45000.25,45310.55078125,463000.0
2023-07-05 05:30:00+05:30,4446.81982421875,4454.06005859375,4436.60986328125,4442.0400390625,3482620000.0,82.0071029663086,82.34819793701172,81.97810363769531,82.0071029663086,0.0,1919.5999755859375,1933.9000244140625,1914.699951171875,1923.5,193.0,71.79000091552734,72.16999816894531,69.9000015258789,70.1500015258789,456809.0,14.180000305175781,14.739999771118164,14.050000190734863,14.1899995803833,0.0,45151.80078125,45418.8984375,45073.3984375,45169.69921875,366300.0
2023-07-06 05:30:00+05:30,4411.58984375,4422.6201171875,4385.0498046875,4422.6201171875,3682020000.0,82.39409637451172,82.82379913330078,82.28350067138672,82.39409637451172,0.0,1908.699951171875,1910.199951171875,1903.199951171875,1909.300048828125,81.0,71.80000305175781,72.33999633789062,70.22000122070312,71.80000305175781,395381.0,15.4399995803833,17.079999923706055,14.789999961853027,14.850000381469727,0.0,45339.8984375,45417.5,45042.6015625,45060.55078125,244900.0
2023-07-07 05:30:00+05:30,4398.9501953125,4440.39013671875,4397.39990234375,4404.5400390625,3630480000.0,82.76840209960938,82.76830291748047,82.53399658203125,82.76840209960938,0.0,1926.199951171875,1934.0999755859375,1913.4000244140625,1913.4000244140625,61.0,73.86000061035156,73.91999816894531,71.19000244140625,71.88999938964844,362632.0,14.829999923706055,16.059999465942383,14.329999923706055,15.970000267028809,0.0,44925.0,45227.25,44844.80078125,45118.05078125,220900.0
2023-07-10 05:30:00+05:30,4409.52978515625,4412.60009765625,4389.919921875,4394.22998046875,3429600000.0,82.61530303955078,82.71530151367188,82.55049896240234,82.61530303955078,0.0,1925.0,1926.0999755859375,1912.300048828125,1923.5999755859375,269.0,72.98999786376953,74.1500015258789,72.66999816894531,73.86000061035156,301014.0,15.069999694824219,16.209999084472656,15.039999961853027,16.079999923706055,0.0,44860.8515625,45184.30078125,44721.8984375,44958.6484375,220900.0
2023-07-11 05:30:00+05:30,4439.259765625,4443.64013671875,4408.4599609375,4415.5498046875,3624220000.0,82.52529907226562,82.63330078125,81.26689910888672,82.52529907226562,0.0,1931.300048828125,1937.0,1924.199951171875,1925.0,142.0,74.83000183105469,74.95999908447266,72.9800033569336,73.19000244140625,326883.0,14.84000015258789,15.25,14.630000114440918,15.020000457763672,0.0,44745.05078125,45139.55078125,44663.05078125,44998.0,209000.0
2023-07-12 05:30:00+05:30,4472.16015625,4488.33984375,4463.22998046875,4467.68994140625,3920290000.0,82.39990234375,82.46399688720703,81.97219848632812,82.39990234375,0.0,1956.199951171875,1958.0,1932.199951171875,1932.300048828125,132.0,75.75,76.1500015258789,74.66999816894531,74.83000183105469,352887.0,13.539999961853027,14.819999694824219,13.510000228881836,14.819999694824219,0.0,44639.44921875,44937.25,44562.3984375,44872.6015625,233100.0
2023-07-13 05:30:00+05:30,4510.0400390625,4517.3798828125,4489.35986328125,4491.5,3839530000.0,82.00180053710938,82.14129638671875,81.95349884033203,82.00180053710938,0.0,1959.199951171875,1961.0999755859375,1953.0,1961.0999755859375,121.0,76.88999938964844,77.33000183105469,75.31999969482422,75.8499984741211,379728.0,13.609999656677246,13.609999656677246,13.119999885559082,13.4399995803833,0.0,44665.05078125,45085.1484375,44612.19921875,45009.30078125,336800.0
2023-07-14 05:30:00+05:30,4505.419921875,4527.759765625,4499.56005859375,4514.60986328125,3647450000.0,82.03079986572266,82.19259643554688,81.9280014038086,82.03079986572266,0.0,1960.0999755859375,1960.5999755859375,1952.699951171875,1958.4000244140625,94.0,75.41999816894531,77.30000305175781,75.11000061035156,77.16000366210938,299576.0,13.34000015258789,13.760000228881836,13.220000267028809,13.720000267028809,0.0,44819.30078125,44923.8515625,44547.80078125,44860.6484375,196300.0
2023-07-17 05:30:00+05:30,4522.7900390625,4532.85009765625,4504.89990234375,4508.85986328125,3538240000.0,82.07679748535156,82.19760131835938,81.99810028076172,82.07679748535156,0.0,1952.4000244140625,1956.5,1946.5999755859375,1954.0,29.0,74.1500015258789,76.08999633789062,73.83999633789062,75.0199966430664,244785.0,13.479999542236328,14.0,13.430000305175781,13.779999732971191,0.0,45449.75,45556.44921875,44695.05078125,44951.19921875,245900.0
2023-07-18 05:30:00+05:30,4554.97998046875,4562.2998046875,4514.58984375,4521.77978515625,4090010000.0,82.06159973144531,82.09120178222656,81.96399688720703,82.06159973144531,0.0,1977.199951171875,1978.4000244140625,1963.4000244140625,1968.800048828125,83.0,75.75,75.95999908447266,73.87999725341797,74.18000030517578,125092.0,13.300000190734863,13.670000076293945,13.289999961853027,13.609999656677246,0.0,45410.8515625,45905.8515625,45281.30078125,45754.80078125,307300.0
2023-07-19 05:30:00+05:30,4565.72021484375,4578.43017578125,4557.47998046875,4563.8701171875,4115670000.0,82.07540130615234,82.14710235595703,82.027099609375,82.07540130615234,0.0,1977.5,1977.5,1973.0,1977.0,35.0,75.3499984741211,76.97000122070312,75.06999969482422,75.83999633789062,92920.0,13.760000228881836,13.84000015258789,13.119999885559082,13.319999694824219,0.0,45669.30078125,45707.3984375,45433.0,45622.5,261100.0
2023-07-20 05:30:00+05:30,4534.8701171875,4564.740234375,4527.56005859375,4554.3798828125,3761770000.0,82.06169891357422,82.07879638671875,81.91410064697266,82.06169891357422,0.0,1968.300048828125,1973.699951171875,1965.5999755859375,1973.699951171875,638.0,75.62999725341797,76.1500015258789,74.72000122070312,75.3499984741211,340962.0,13.989999771118164,14.229999542236328,13.579999923706055,13.960000038146973,0.0,46186.8984375,46256.19921875,45640.94921875,45689.05078125,315200.0
2023-07-21 05:30:00+05:30,4536.33984375,4555.0,4535.7900390625,4550.16015625,3570190000.0,82.0823974609375,82.09929656982422,81.93599700927734,82.0823974609375,0.0,1964.300048828125,1964.300048828125,1961.800048828125,1961.800048828125,50.0,77.06999969482422,77.29000091552734,75.69000244140625,75.69999694824219,308106.0,13.600000381469727,13.890000343322754,13.369999885559082,13.869999885559082,0.0,46075.19921875,46369.5,45925.8984375,46063.94921875,235600.0
2023-07-24 05:30:00+05:30,4554.64013671875,4563.41015625,4541.2900390625,4543.39013671875,3856250000.0,81.99030303955078,82.04090118408203,81.79399871826172,81.99030303955078,0.0,1960.300048828125,1965.5,1960.300048828125,1965.300048828125,2.0,78.73999786376953,79.27999877929688,76.44000244140625,77.01000213623047,368285.0,13.90999984741211,14.300000190734863,13.729999542236328,14.289999961853027,0.0,45923.05078125,46191.5,45858.75,46131.8984375,225800.0
2023-07-25 05:30:00+05:30,4567.4599609375,4580.6201171875,4552.419921875,4555.18994140625,3812470000.0,81.81420135498047,81.90769958496094,81.66300201416016,81.81420135498047,0.0,1962.0999755859375,1962.5,1953.0,1953.0,19.0,79.62999725341797,79.9000015258789,78.29000091552734,78.8499984741211,349600.0,13.859999656677246,14.09000015258789,13.819999694824219,14.020000457763672,0.0,45845.0,46156.1015625,45622.8515625,46154.69921875,228100.0
2023-07-26 05:30:00+05:30,4566.75,4582.47021484375,4547.580078125,4558.9599609375,3990290000.0,81.95010375976562,82.07039642333984,81.83000183105469,81.95010375976562,0.0,1968.9000244140625,1972.0,1966.199951171875,1966.199951171875,51.0,78.77999877929688,79.7699966430664,78.55000305175781,79.33999633789062,322031.0,13.1899995803833,14.15999984741211,13.149999618530273,13.859999656677246,0.0,46062.3515625,46096.6015625,45804.69921875,45935.1484375,298400.0
2023-07-27 05:30:00+05:30,4537.41015625,4607.06982421875,4528.56005859375,4598.259765625,4553210000.0,81.97550201416016,82.23090362548828,81.88300323486328,81.97550201416016,0.0,1945.4000244140625,1945.4000244140625,1945.4000244140625,1945.4000244140625,194253.0,80.08999633789062,80.5999984741211,78.87000274658203,78.9000015258789,374358.0,14.40999984741211,15.020000457763672,12.739999771118164,13.140000343322754,0.0,45679.30078125,46310.1015625,45570.6484375,46285.8515625,320400.0
2023-07-28 05:30:00+05:30,4582.22998046875,4590.16015625,4564.009765625,4565.75,3981010000.0,82.3749008178711,82.3750991821289,82.15399932861328,82.3749008178711,0.0,1960.4000244140625,1962.199951171875,1944.199951171875,1945.5,23155.0,80.58000183105469,80.70999908447266,79.06999969482422,79.83999633789062,299547.0,13.329999923706055,14.180000305175781,13.270000457763672,14.029999732971191,0.0,45468.1015625,45727.75,45238.80078125,45560.8984375,194700.0
2023-07-31 05:30:00+05:30,4588.9599609375,4594.22021484375,4573.14013671875,4584.81982421875,4503600000.0,82.25279998779297,82.36599731445312,82.11799621582031,82.25279998779297,0.0,1970.5,1971.5999755859375,1950.0,1959.199951171875,1025.0,81.80000305175781,82.0,80.12999725341797,80.6500015258789,297270.0,13.630000114440918,14.09000015258789,13.569999694824219,13.979999542236328,0.0,45651.1015625,45694.8984375,45359.75,45546.3515625,247900.0
2023-08-01 05:30:00+05:30,4576.72998046875,4584.6201171875,4567.52978515625,4578.830078125,4042370000.0,82.2332992553711,82.34539794921875,82.22200012207031,82.2332992553711,0.0,1940.699951171875,1965.4000244140625,1940.699951171875,1964.9000244140625,688.0,81.37000274658203,82.22000122070312,80.58999633789062,81.7300033569336,307859.0,13.930000305175781,14.300000190734863,13.75,13.75,0.0,45592.5,45782.75,45471.05078125,45740.0,175200.0
2023-08-02 05:30:00+05:30,4513.39013671875,4550.93017578125,4505.75,4550.93017578125,4270710000.0,82.30729675292969,82.8093032836914,82.29000091552734,82.30729675292969,0.0,1937.4000244140625,1953.5999755859375,1933.199951171875,1948.4000244140625,652.0,79.48999786376953,82.43000030517578,79.05000305175781,82.05000305175781,414825.0,16.09000015258789,16.479999542236328,14.949999809265137,15.699999809265137,0.0,44995.69921875,45404.8984375,44720.8984375,45234.6484375,233600.0
2023-08-03 05:30:00+05:30,4501.89013671875,4519.490234375,4485.5400390625,4494.27001953125,4149120000.0,82.7332992553711,82.85569763183594,82.66300201416016,82.7332992553711,0.0,1932.0,1936.5,1928.0,1934.199951171875,773.0,81.55000305175781,81.86000061035156,78.69000244140625,79.7699966430664,402641.0,15.920000076293945,17.420000076293945,15.720000267028809,16.770000457763672,0.0,44513.44921875,45038.44921875,44279.3984375,44862.8515625,245800.0
2023-08-04 05:30:00+05:30,4478.02978515625,4540.33984375,4474.5498046875,4513.9599609375,4143310000.0,82.7843017578125,82.88899993896484,82.67050170898438,82.7843017578125,0.0,1939.5999755859375,1945.0,1920.0,1934.9000244140625,290.0,82.81999969482422,83.23999786376953,81.51000213623047,81.7300033569336,320873.0,17.100000381469727,17.389999389648438,14.569999694824219,16.010000228881836,0.0,44879.5,45118.05078125,44520.55078125,44754.75,245200.0
2023-08-07 05:30:00+05:30,4518.43994140625,4519.83984375,4491.14990234375,4491.580078125,3493920000.0,82.69529724121094,82.82479858398438,82.65709686279297,82.69529724121094,0.0,1933.5,1941.0,1929.800048828125,1941.0,376.0,81.94000244140625,83.30000305175781,81.5199966430664,82.81999969482422,293036.0,15.770000457763672,17.360000610351562,15.770000457763672,16.899999618530273,0.0,44837.5,45011.3515625,44773.8515625,44993.69921875,200800.0
2023-08-08 05:30:00+05:30,4499.3798828125,4503.31005859375,4464.39013671875,4498.02978515625,3884910000.0,82.74829864501953,82.98429870605469,82.71829986572266,82.74829864501953,0.0,1924.0999755859375,1933.199951171875,1923.0,1931.699951171875,555.0,82.91999816894531,83.08000183105469,79.9000015258789,82.52999877929688,424545.0,15.989999771118164,18.139999389648438,15.960000038146973,16.280000686645508,0.0,44964.44921875,45096.8515625,44817.8515625,44888.94921875,229400.0
2023-08-09 05:30:00+05:30,4467.7099609375,4502.43994140625,4461.330078125,4501.56982421875,3803100000.0,82.84500122070312,83.1063003540039,82.78610229492188,82.84500122070312,0.0,1915.4000244140625,1928.800048828125,1913.699951171875,1925.4000244140625,451.0,84.4000015258789,84.6500015258789,82.66999816894531,82.87999725341797,478140.0,15.960000038146973,16.8700008392334,15.380000114440918,15.8100004196167,0.0,44880.69921875,44975.0,44533.75,44973.44921875,177300.0
2023-08-10 05:30:00+05:30,4468.830078125,4527.3701171875,4457.919921875,4487.16015625,4504370000.0,82.86630249023438,82.86730194091797,82.58409881591797,82.86630249023438,0.0,1914.4000244140625,1927.800048828125,1911.4000244140625,1921.0999755859375,178.0,82.81999969482422,84.88999938964844,82.58000183105469,84.25,362188.0,15.850000381469727,16.860000610351562,14.600000381469727,15.579999923706055,0.0,44541.80078125,44980.3515625,44418.3984375,44797.6484375,232000.0
2023-08-11 05:30:00+05:30,4464.0498046875,4476.22998046875,4443.97998046875,4450.68994140625,3753290000.0,82.79989624023438,82.99150085449219,82.7229995727539,82.79989624023438,0.0,1912.9000244140625,1916.5999755859375,1911.800048828125,1913.0,57.0,83.19000244140625,83.80999755859375,82.2300033569336,82.83000183105469,331254.0,14.84000015258789,16.510000228881836,14.84000015258789,15.529999732971191,0.0,44199.1015625,44571.25,44120.8984375,44568.1484375,196900.0
2023-08-14 05:30:00+05:30,4489.72021484375,4490.330078125,4453.43994140625,4458.1298828125,3896410000.0,82.89730072021484,83.28849792480469,82.87149810791016,82.89730072021484,0.0,1910.5999755859375,1912.5999755859375,1903.300048828125,1909.300048828125,46.0,82.51000213623047,83.19999694824219,81.76000213623047,83.08999633789062,277352.0,14.819999694824219,16.059999465942383,14.770000457763672,15.880000114440918,0.0,44090.94921875,44212.75,43776.8984375,44066.6015625,172300.0
2023-08-15 05:30:00+05:30,4437.85986328125,4478.8701171875,4432.18994140625,4478.8701171875,3832250000.0,83.2333984375,83.49230194091797,83.15399932861328,83.2333984375,0.0,1902.5,1907.699951171875,1895.0,1906.0,73.0,80.98999786376953,82.91000366210938,80.4000015258789,82.5199966430664,303207.0,16.459999084472656,16.56999969482422,14.90999984741211,14.949999809265137,0.0,44090.94921875,44212.75,43776.8984375,44066.6015625,172300.0
2023-08-16 05:30:00+05:30,4404.330078125,4449.9501953125,4403.5498046875,4433.7900390625,3753910000.0,83.19419860839844,84.9292984008789,83.09100341796875,83.19419860839844,0.0,1896.0999755859375,1904.5,1890.300048828125,1904.5,22.0,79.37999725341797,81.43000030517578,79.05000305175781,81.2300033569336,325403.0,16.780000686645508,16.93000030517578,15.800000190734863,16.540000915527344,0.0,43946.3984375,44002.80078125,43600.3515625,43726.25,0.0
2023-08-17 05:30:00+05:30,4370.35986328125,4421.169921875,4364.830078125,4416.31982421875,3943700000.0,83.23699951171875,83.25019836425781,82.97650146484375,83.23699951171875,0.0,1884.0999755859375,1902.4000244140625,1884.0,1893.699951171875,245.0,80.38999938964844,81.08000183105469,78.94999694824219,79.25,235581.0,17.889999389648438,18.1299991607666,16.399999618530273,16.959999084472656,0.0,43891.3515625,44071.8515625,43745.1015625,43897.25,266400.0
2023-08-18 05:30:00+05:30,4369.7099609375,4381.81982421875,4335.31005859375,4344.8798828125,3940400000.0,83.09829711914062,83.214599609375,82.95449829101562,83.09829711914062,0.0,1886.0999755859375,1891.800048828125,1886.0999755859375,1891.800048828125,19.0,81.25,81.61000061035156,79.58999633789062,80.04000091552734,128090.0,17.299999237060547,18.8799991607666,17.139999389648438,17.799999237060547,0.0,43851.05078125,43957.6484375,43672.44921875,43724.75,167600.0
2023-08-21 05:30:00+05:30,4399.77001953125,4407.5498046875,4360.2998046875,4380.27978515625,3726850000.0,83.16729736328125,83.20379638671875,83.05000305175781,83.16729736328125,0.0,1893.300048828125,1893.5999755859375,1893.300048828125,1893.5999755859375,876.0,80.72000122070312,82.47000122070312,80.61000061035156,81.43000030517578,115874.0,17.1299991607666,18.110000610351562,16.8799991607666,18.030000686645508,0.0,44002.0,44113.80078125,43862.0,43952.8515625,126300.0
2023-08-22 05:30:00+05:30,4387.5498046875,4418.58984375,4382.77001953125,4415.330078125,3522760000.0,83.1135025024414,83.14129638671875,82.91300201416016,83.1135025024414,0.0,1896.4000244140625,1896.800048828125,1892.800048828125,1894.5999755859375,46.0,80.3499984741211,80.98999786376953,80.0999984741211,80.80000305175781,287489.0,16.969999313354492,17.579999923706055,16.610000610351562,16.959999084472656,0.0,43993.25,44151.30078125,43938.69921875,44125.0,160700.0
2023-08-23 05:30:00+05:30,4436.009765625,4443.18017578125,4396.43994140625,4396.43994140625,3837270000.0,83.07330322265625,83.08529663085938,82.46499633789062,83.07330322265625,0.0,1918.5,1918.5,1909.5999755859375,1909.5999755859375,547.0,78.88999938964844,79.91000366210938,77.62000274658203,79.63999938964844,378146.0,15.979999542236328,17.100000381469727,15.90999984741211,16.639999389648438,0.0,44479.05078125,44521.6484375,43952.05078125,44064.5,212400.0
2023-08-24 05:30:00+05:30,4376.31005859375,4458.2998046875,4375.5498046875,4455.16015625,3723470000.0,82.5447006225586,82.6427993774414,82.35399627685547,82.5447006225586,0.0,1918.199951171875,1920.800048828125,1918.199951171875,1920.0,337.0,79.05000305175781,79.27999877929688,77.58999633789062,78.56999969482422,349230.0,17.200000762939453,17.31999969482422,15.479999542236328,15.569999694824219,0.0,44496.19921875,44949.8984375,44433.75,44704.19921875,220400.0
2023-08-25 05:30:00+05:30,4405.7099609375,4418.4599609375,4356.2900390625,4389.3798828125,3296180000.0,82.64140319824219,82.71530151367188,82.55259704589844,82.64140319824219,0.0,1911.0999755859375,1919.800048828125,1911.0999755859375,1919.800048828125,195.0,79.83000183105469,80.44999694824219,78.13999938964844,78.87999725341797,411409.0,15.680000305175781,17.360000610351562,15.449999809265137,17.209999084472656,0.0,44231.44921875,44359.1015625,43983.75,44276.19921875,152500.0
2023-08-28 05:30:00+05:30,4433.31005859375,4439.56005859375,4414.97998046875,4426.02978515625,2957230000.0,82.66429901123047,82.66459655761719,82.45760345458984,82.66429901123047,0.0,1917.9000244140625,1921.5,1915.5,1915.5,99.0,80.0999984741211,80.87000274658203,79.61000061035156,80.1500015258789,246584.0,15.079999923706055,16.280000686645508,15.0,16.239999771118164,0.0,44494.6484375,44610.3984375,44201.44921875,44253.6484375,163000.0
2023-08-29 05:30:00+05:30,4497.6298828125,4500.14013671875,4431.68017578125,4432.75,3354820000.0,82.69149780273438,82.87999725341797,82.56800079345703,82.69149780273438,0.0,1936.5,1936.5,1916.9000244140625,1917.9000244140625,1674.0,81.16000366210938,81.41000366210938,79.33999633789062,79.9800033569336,284168.0,14.449999809265137,15.300000190734863,14.34000015258789,15.079999923706055,0.0,44495.25,44673.0,44429.80078125,44655.75,140300.0
2023-08-30 05:30:00+05:30,4514.8701171875,4521.64990234375,4493.58984375,4500.33984375,3064110000.0,82.49469757080078,82.79930114746094,82.48829650878906,82.49469757080078,0.0,1944.300048828125,1946.4000244140625,1934.5999755859375,1936.0,396.0,81.62999725341797,82.05000305175781,80.87999725341797,81.29000091552734,299418.0,13.880000114440918,14.699999809265137,13.829999923706055,14.529999732971191,0.0,44232.6015625,44779.6484375,44149.80078125,44706.55078125,153100.0
2023-08-31 05:30:00+05:30,4507.66015625,4532.259765625,4507.39013671875,4517.009765625,3946360000.0,82.70040130615234,82.78559875488281,82.57099914550781,82.70040130615234,0.0,1938.199951171875,1944.4000244140625,1938.199951171875,1944.4000244140625,491.0,83.62999725341797,83.69000244140625,81.4800033569336,81.69999694824219,368848.0,13.569999694824219,14.0,13.4399995803833,13.979999542236328,0.0,43989.1484375,44399.6484375,43895.05078125,44265.8515625,705100.0
2023-09-01 05:30:00+05:30,4515.77001953125,4541.25,4501.35009765625,4530.60009765625,3246260000.0,82.68240356445312,82.768798828125,82.54239654541016,82.68240356445312,0.0,1939.800048828125,1950.0,1936.5999755859375,1950.0,167.0,85.55000305175781,86.05999755859375,83.45999908447266,83.62999725341797,420461.0,13.09000015258789,13.5600004196167,13.020000457763672,13.5600004196167,0.0,44436.1015625,44568.55078125,43830.75,43996.1015625,320800.0
2023-09-04 05:30:00+05:30,4515.77001953125,4541.25,4501.35009765625,4530.60009765625,3246260000.0,82.6969985961914,82.78119659423828,82.5905990600586,82.6969985961914,0.0,1939.800048828125,1950.0,1936.5999755859375,1950.0,167.0,85.55000305175781,86.05999755859375,83.45999908447266,83.62999725341797,420461.0,13.09000015258789,13.5600004196167,13.020000457763672,13.5600004196167,0.0,44578.30078125,44656.05078125,44310.94921875,44647.6484375,238600.0
2023-09-05 05:30:00+05:30,4496.830078125,4514.2900390625,4496.009765625,4510.06005859375,3526250000.0,82.7345962524414,83.07710266113281,82.70649719238281,82.7345962524414,0.0,1926.199951171875,1934.4000244140625,1924.699951171875,1934.4000244140625,113.0,86.69000244140625,88.06999969482422,85.0199966430664,86.05999755859375,452908.0,14.010000228881836,14.470000267028809,13.699999809265137,14.149999618530273,0.0,44532.1484375,44668.69921875,44401.69921875,44625.05078125,225500.0
2023-09-06 05:30:00+05:30,4465.47998046875,4490.35009765625,4442.3798828125,4490.35009765625,3418850000.0,83.08609771728516,83.23979949951172,82.91519927978516,83.08609771728516,0.0,1918.0999755859375,1925.300048828125,1916.300048828125,1924.0999755859375,24.0,87.54000091552734,88.08000183105469,85.93000030517578,86.72000122070312,307115.0,14.449999809265137,15.300000190734863,14.130000114440918,14.270000457763672,0.0,44409.1015625,44577.0,44207.25,44494.6484375,252000.0
2023-09-07 05:30:00+05:30,4451.14013671875,4457.81005859375,4430.4599609375,4434.5498046875,3763760000.0,83.25740051269531,83.30899810791016,83.06600189208984,83.25740051269531,0.0,1917.5,1921.5,1917.5,1917.5999755859375,41.0,86.87000274658203,87.73999786376953,86.38999938964844,87.54000091552734,270736.0,14.399999618530273,15.6899995803833,14.399999618530273,14.8100004196167,0.0,44878.3515625,44915.55078125,44341.19921875,44418.05078125,169100.0
2023-09-08 05:30:00+05:30,4457.490234375,4473.52978515625,4448.3798828125,4451.2998046875,3259290000.0,83.24150085449219,83.26000213623047,82.91649627685547,83.24150085449219,0.0,1918.4000244140625,1924.699951171875,1918.4000244140625,1924.0,105.0,87.51000213623047,87.94999694824219,86.1500015258789,86.77999877929688,294437.0,13.84000015258789,14.869999885559082,13.579999923706055,14.220000267028809,0.0,45156.3984375,45383.3515625,44812.1484375,44953.6484375,179100.0
2023-09-11 05:30:00+05:30,4487.4599609375,4490.77001953125,4467.89013671875,4480.97998046875,3369920000.0,83.03130340576172,83.05220031738281,82.82420349121094,83.03130340576172,0.0,1923.300048828125,1928.300048828125,1921.800048828125,1923.0,50.0,87.29000091552734,88.1500015258789,86.70999908447266,87.4000015258789,292388.0,13.800000190734863,14.329999923706055,13.739999771118164,14.170000076293945,0.0,45570.69921875,45636.19921875,45231.30078125,45340.80078125,228100.0
2023-09-12 05:30:00+05:30,4461.89990234375,4487.10986328125,4456.830078125,4473.27001953125,3435740000.0,82.94329833984375,83.0082015991211,82.86799621582031,82.94329833984375,0.0,1911.300048828125,1920.800048828125,1911.300048828125,1920.800048828125,365.0,88.83999633789062,89.37000274658203,87.22000122070312,87.2699966430664,341137.0,14.229999542236328,14.420000076293945,13.710000038146973,14.020000457763672,0.0,45511.3515625,45893.80078125,45322.55078125,45893.80078125,271400.0
2023-09-13 05:30:00+05:30,4467.43994140625,4479.39013671875,4453.52001953125,4462.64990234375,3529430000.0,82.84300231933594,83.03119659423828,82.82499694824219,82.84300231933594,0.0,1909.0999755859375,1914.5999755859375,1908.9000244140625,1910.300048828125,15.0,88.5199966430664,89.63999938964844,88.29000091552734,88.75,345972.0,13.479999542236328,14.680000305175781,13.40999984741211,14.420000076293945,0.0,45909.44921875,45990.5,45299.3984375,45449.3515625,441700.0
2023-09-14 05:30:00+05:30,4505.10009765625,4511.990234375,4478.68994140625,4487.77978515625,3648720000.0,82.93679809570312,83.10369873046875,82.91850280761719,82.93679809570312,0.0,1910.0,1910.0,1903.0,1903.0,169.0,90.16000366210938,90.79000091552734,88.68000030517578,88.80999755859375,325270.0,12.819999694824219,13.460000038146973,12.789999961853027,13.390000343322754,0.0,46000.8515625,46153.8984375,45801.5,46013.30078125,238600.0
2023-09-15 05:30:00+05:30,4450.31982421875,4497.97998046875,4447.2099609375,4497.97998046875,6932230000.0,83.0282974243164,83.18070220947266,83.00309753417969,83.0282974243164,0.0,1923.699951171875,1927.300048828125,1923.5,1923.5,8.0,90.7699966430664,91.2300033569336,89.22000122070312,90.66999816894531,315003.0,13.789999961853027,14.170000076293945,12.680000305175781,12.699999809265137,0.0,46231.5,46310.3984375,46028.75,46122.1484375,278400.0
2023-09-18 05:30:00+05:30,4453.52978515625,4466.35986328125,4442.10986328125,4445.1298828125,3161230000.0,83.08580017089844,83.34760284423828,83.04949951171875,83.08580017089844,0.0,1931.5,1931.5,1926.4000244140625,1928.199951171875,19.0,91.4800033569336,92.43000030517578,90.75,91.19999694824219,119258.0,14.0,14.75,13.859999656677246,14.399999618530273,0.0,45979.8515625,46252.94921875,45906.8984375,46100.94921875,348800.0
2023-09-19 05:30:00+05:30,4443.9501953125,4449.85009765625,4416.60986328125,4445.41015625,3614880000.0,83.25489807128906,83.33409881591797,83.14230346679688,83.25489807128906,0.0,1932.0,1934.0,1932.0,1934.0,6.0,91.19999694824219,93.73999786376953,91.06999969482422,92.22000122070312,94597.0,14.109999656677246,14.880000114440918,13.859999656677246,14.109999656677246,0.0,45979.8515625,46252.94921875,45906.8984375,46100.94921875,348800.0
2023-09-20 05:30:00+05:30,4402.2001953125,4461.02978515625,4401.3798828125,4452.81005859375,3308450000.0,83.19499969482422,83.28900146484375,82.9280014038086,83.19499969482422,0.0,1945.5999755859375,1945.5999755859375,1929.199951171875,1945.5999755859375,119.0,90.27999877929688,91.9800033569336,89.87000274658203,91.55000305175781,457854.0,15.140000343322754,15.149999618530273,13.569999694824219,14.180000305175781,0.0,45384.6015625,45745.1484375,45276.3984375,45493.69921875,334000.0
2023-09-21 05:30:00+05:30,4330.0,4375.7001953125,4329.169921875,4374.35986328125,3662340000.0,83.08699798583984,83.20010375976562,82.99600219726562,83.08699798583984,0.0,1919.199951171875,1924.0,1919.199951171875,1924.0,9.0,89.62999725341797,90.9800033569336,88.37000274658203,89.30000305175781,351032.0,17.540000915527344,17.540000915527344,15.100000381469727,15.489999771118164,0.0,44623.8515625,45276.80078125,44592.44921875,45179.6015625,257700.0
2023-09-22 05:30:00+05:30,4320.06005859375,4357.39990234375,4316.490234375,4341.740234375,3349570000.0,82.89129638671875,83.00039672851562,82.73300170898438,82.89129638671875,0.0,1925.4000244140625,1925.4000244140625,1925.4000244140625,1925.4000244140625,1.0,90.02999877929688,91.33000183105469,89.30999755859375,89.62000274658203,402087.0,17.200000762939453,17.40999984741211,15.930000305175781,17.309999465942383,0.0,44612.05078125,44996.75,44548.8984375,44707.3515625,249400.0
2023-09-25 05:30:00+05:30,4337.43994140625,4338.509765625,4302.7001953125,4310.6201171875,3195650000.0,82.97480010986328,83.17040252685547,82.89569854736328,82.97480010986328,0.0,1916.5999755859375,1916.5999755859375,1916.5999755859375,1916.5999755859375,114.0,89.68000030517578,90.83000183105469,89.02999877929688,90.55000305175781,328369.0,16.899999618530273,18.40999984741211,16.790000915527344,17.25,0.0,44766.1015625,44936.55078125,44400.8984375,44615.0,266500.0
2023-09-26 05:30:00+05:30,4273.52978515625,4313.009765625,4265.97998046875,4312.8798828125,3472340000.0,83.0282974243164,83.4021987915039,83.0353012084961,83.0282974243164,0.0,1900.4000244140625,1905.0999755859375,1900.4000244140625,1905.0,161.0,90.38999938964844,90.73999786376953,88.19000244140625,89.87999725341797,318016.0,18.940000534057617,19.5,17.170000076293945,18.030000686645508,0.0,44624.19921875,44773.80078125,44532.44921875,44722.5,188500.0
2023-09-27 05:30:00+05:30,4274.509765625,4292.06982421875,4238.6298828125,4282.6298828125,3875880000.0,83.29869842529297,83.31629943847656,83.1593017578125,83.29869842529297,0.0,1871.5999755859375,1871.5999755859375,1871.5999755859375,1871.5999755859375,12251.0,93.68000030517578,94.16999816894531,90.4000015258789,90.52999877929688,504630.0,18.219999313354492,19.709999084472656,18.030000686645508,18.290000915527344,0.0,44588.30078125,44668.0,44182.5,44465.8984375,221900.0
2023-09-28 05:30:00+05:30,4299.7001953125,4317.27001953125,4264.3798828125,4269.64990234375,3846230000.0,83.22270202636719,83.34480285644531,83.09850311279297,83.22270202636719,0.0,1860.4000244140625,1878.199951171875,1856.699951171875,1875.5,4654.0,91.70999908447266,95.02999877929688,91.38999938964844,93.77999877929688,406709.0,17.34000015258789,18.770000457763672,17.059999465942383,18.219999313354492,0.0,44300.94921875,44756.80078125,44248.19921875,44700.3515625,389900.0
2023-09-29 05:30:00+05:30,4288.0498046875,4333.14990234375,4274.85986328125,4328.18017578125,3865960000.0,83.19300079345703,83.22650146484375,83.00330352783203,83.19300079345703,0.0,1848.0999755859375,1872.300048828125,1846.0,1864.300048828125,1605.0,90.79000091552734,93.0999984741211,90.3499984741211,91.76000213623047,355782.0,17.520000457763672,17.739999771118164,15.829999923706055,16.8700008392334,0.0,44584.55078125,44755.05078125,44344.8984375,44445.3515625,156000.0
2023-10-02 05:30:00+05:30,4288.39013671875,4300.580078125,4260.2099609375,4284.52001953125,3938660000.0,83.03479766845703,83.28790283203125,82.91519927978516,83.03479766845703,0.0,1830.0,1845.9000244140625,1826.699951171875,1844.0999755859375,2309.0,88.81999969482422,91.87999725341797,88.45999908447266,90.81999969482422,334493.0,17.610000610351562,18.549999237060547,16.93000030517578,17.309999465942383,0.0,44584.55078125,44755.05078125,44344.8984375,44445.3515625,156000.0
2023-10-03 05:30:00+05:30,4229.4501953125,4281.14990234375,4216.4501953125,4269.75,3953830000.0,83.3593978881836,83.36090087890625,83.1343002319336,83.3593978881836,0.0,1824.5999755859375,1830.9000244140625,1816.800048828125,1825.0,310.0,89.2300033569336,90.2699966430664,87.76000213623047,88.66999816894531,350659.0,19.780000686645508,20.479999542236328,17.520000457763672,17.809999465942383,0.0,44399.05078125,44566.30078125,44243.1015625,44561.5,192600.0
2023-10-04 05:30:00+05:30,4263.75,4268.5,4220.47998046875,4233.830078125,3777600000.0,83.22979736328125,83.3302001953125,83.18229675292969,83.22979736328125,0.0,1818.5,1828.199951171875,1816.4000244140625,1821.800048828125,357.0,84.22000122070312,89.58999633789062,84.16000366210938,89.41999816894531,459995.0,18.579999923706055,20.8799991607666,18.299999237060547,20.719999313354492,0.0,43964.05078125,44161.3515625,43857.5,44108.1484375,310300.0
2023-10-05 05:30:00+05:30,4258.18994140625,4267.1298828125,4225.91015625,4259.31005859375,3581470000.0,83.44979858398438,84.6969985961914,83.18489837646484,83.44979858398438,0.0,1816.5999755859375,1826.300048828125,1815.5999755859375,1826.300048828125,393.0,82.30999755859375,84.91999816894531,82.1500015258789,84.44999694824219,465997.0,18.489999771118164,19.579999923706055,18.260000228881836,18.670000076293945,0.0,44213.3515625,44391.8515625,44108.30078125,44181.3515625,243400.0
2023-10-06 05:30:00+05:30,4308.5,4324.10009765625,4219.5498046875,4234.7900390625,3902030000.0,83.22489929199219,83.34130096435547,83.08439636230469,83.22489929199219,0.0,1830.199951171875,1831.800048828125,1809.4000244140625,1819.0,390.0,82.79000091552734,83.27999877929688,81.5,82.27999877929688,461139.0,17.450000762939453,19.93000030517578,17.190000534057617,18.729999542236328,0.0,44360.6015625,44500.69921875,44242.94921875,44395.3984375,157500.0
2023-10-09 05:30:00+05:30,4335.66015625,4341.72998046875,4283.7900390625,4289.02001953125,3174630000.0,83.12460327148438,83.33519744873047,83.07929992675781,83.12460327148438,0.0,1849.5,1861.5,1842.5,1842.5,232.0,86.37999725341797,87.23999786376953,84.66999816894531,85.25,435037.0,17.700000762939453,19.600000381469727,17.559999465942383,19.540000915527344,0.0,43886.5,44113.19921875,43796.75,44057.80078125,162300.0
2023-10-10 05:30:00+05:30,4358.240234375,4385.4599609375,4339.64013671875,4339.75,3520240000.0,83.27030181884766,83.27030181884766,83.15599822998047,83.27030181884766,0.0,1861.0,1861.4000244140625,1852.800048828125,1857.0,236.0,85.97000122070312,86.73999786376953,85.12000274658203,86.43000030517578,337654.0,17.030000686645508,17.860000610351562,16.510000228881836,17.700000762939453,0.0,44360.1484375,44487.25,44004.55078125,44027.55078125,175300.0
2023-10-11 05:30:00+05:30,4376.9501953125,4378.64013671875,4345.33984375,4366.58984375,3601660000.0,83.25029754638672,83.32230377197266,83.11000061035156,83.25029754638672,0.0,1872.800048828125,1874.5999755859375,1869.0999755859375,1869.5,65.0,83.48999786376953,86.51000213623047,83.11000061035156,85.95999908447266,425395.0,16.09000015258789,17.780000686645508,16.09000015258789,16.950000762939453,0.0,44516.8984375,44710.55078125,44411.3984375,44554.8984375,213700.0
2023-10-12 05:30:00+05:30,4349.60986328125,4385.85009765625,4325.43017578125,4380.93994140625,3713140000.0,83.21800231933594,83.29989624023438,83.01920318603516,83.21800231933594,0.0,1869.300048828125,1881.199951171875,1867.0,1874.699951171875,46.0,82.91000366210938,85.19999694824219,82.30999755859375,83.19999694824219,373492.0,16.690000534057617,18.079999923706055,15.4399995803833,16.079999923706055,0.0,44599.19921875,44693.05078125,44530.05078125,44571.55078125,112100.0
2023-10-13 05:30:00+05:30,4327.77978515625,4377.10009765625,4311.97021484375,4360.490234375,3566560000.0,83.26239776611328,83.29660034179688,83.07890319824219,83.26239776611328,0.0,1927.4000244140625,1930.0999755859375,1877.5,1877.5,43.0,87.69000244140625,87.83000183105469,83.3499984741211,83.51000213623047,356863.0,19.31999969482422,20.780000686645508,16.5,16.530000686645508,0.0,44287.94921875,44563.05078125,44203.69921875,44322.05078125,169900.0
2023-10-16 05:30:00+05:30,4373.6298828125,4383.330078125,4342.3701171875,4342.3701171875,3409960000.0,83.28230285644531,83.28250122070312,83.097900390625,83.28230285644531,0.0,1921.0999755859375,1921.0999755859375,1910.300048828125,1910.4000244140625,53.0,86.66000366210938,88.33000183105469,86.31999969482422,87.72000122070312,235780.0,17.209999084472656,19.56999969482422,17.139999389648438,19.100000381469727,0.0,44225.8984375,44356.94921875,44044.3984375,44204.75,140400.0
2023-10-17 05:30:00+05:30,4373.2001953125,4393.56982421875,4337.5400390625,4345.22998046875,3794850000.0,83.19950103759766,83.28109741210938,81.51699829101562,83.19950103759766,0.0,1922.699951171875,1925.800048828125,1914.300048828125,1914.300048828125,103.0,86.66000366210938,87.75,85.5999984741211,87.05999755859375,197124.0,17.8799991607666,18.540000915527344,16.969999313354492,17.40999984741211,0.0,44409.5,44589.8515625,44336.94921875,44589.80078125,120500.0
2023-10-18 05:30:00+05:30,4314.60009765625,4364.2001953125,4303.83984375,4357.35009765625,3686030000.0,83.26429748535156,83.30269622802734,83.19219970703125,83.26429748535156,0.0,1955.300048828125,1957.9000244140625,1935.0,1935.0,67.0,88.31999969482422,89.87999725341797,87.19999694824219,87.80999755859375,92797.0,19.219999313354492,20.149999618530273,17.8799991607666,18.360000610351562,0.0,43888.69921875,44412.5,43861.44921875,44404.19921875,217200.0
2023-10-19 05:30:00+05:30,4278.0,4339.5400390625,4269.68994140625,4321.35986328125,3969730000.0,83.26860046386719,83.2927017211914,82.71900177001953,83.26860046386719,0.0,1968.4000244140625,1977.699951171875,1945.699951171875,1950.0999755859375,1945.0,89.37000274658203,90.68000030517578,86.5999984741211,88.23999786376953,72058.0,21.399999618530273,21.399999618530273,18.549999237060547,19.729999542236328,0.0,43754.5,44058.80078125,43558.1015625,43616.75,156600.0
2023-10-20 05:30:00+05:30,4224.16015625,4276.56005859375,4223.02978515625,4273.85009765625,4004030000.0,83.12229919433594,83.19619750976562,83.01899719238281,83.12229919433594,0.0,1982.5,1988.5999755859375,1980.4000244140625,1981.0999755859375,557.0,88.75,90.77999877929688,88.33000183105469,90.27999877929688,311917.0,21.709999084472656,21.829999923706055,20.420000076293945,21.59000015258789,0.0,43723.05078125,43877.5,43567.44921875,43584.25,152400.0
2023-10-23 05:30:00+05:30,4217.0400390625,4255.83984375,4189.22021484375,4210.39990234375,3776100000.0,83.15979766845703,83.19039916992188,83.04049682617188,83.15979766845703,0.0,1976.300048828125,1978.9000244140625,1972.9000244140625,1976.199951171875,127.0,85.48999786376953,88.29000091552734,85.3499984741211,88.0,315517.0,20.3700008392334,23.079999923706055,19.479999542236328,21.829999923706055,0.0,43151.19921875,43831.30078125,43029.44921875,43822.69921875,201400.0
2023-10-24 05:30:00+05:30,4247.68017578125,4259.3798828125,4219.43017578125,4235.7900390625,3821820000.0,83.02940368652344,83.09429931640625,82.9478988647461,83.02940368652344,0.0,1975.0,1975.0,1970.300048828125,1970.300048828125,10.0,83.73999786376953,86.30000305175781,82.94000244140625,86.1500015258789,370591.0,18.969999313354492,20.239999771118164,18.649999618530273,20.030000686645508,0.0,43151.19921875,43831.30078125,43029.44921875,43822.69921875,201400.0
2023-10-25 05:30:00+05:30,4186.77001953125,4232.419921875,4181.419921875,4232.419921875,3869370000.0,82.98780059814453,83.18730163574219,81.20500183105469,82.98780059814453,0.0,1984.0999755859375,1985.300048828125,1971.199951171875,1971.199951171875,97.0,85.38999938964844,85.55999755859375,82.08000183105469,83.69000244140625,429459.0,20.190000534057617,21.239999771118164,18.860000610351562,19.389999389648438,0.0,42832.0,43397.44921875,42758.3984375,43308.30078125,188300.0
2023-10-26 05:30:00+05:30,4137.22998046875,4183.60009765625,4127.89990234375,4175.990234375,4277640000.0,83.1709976196289,83.27169799804688,83.14179992675781,83.1709976196289,0.0,1987.199951171875,1988.199951171875,1980.4000244140625,1988.199951171875,521.0,83.20999908447266,85.58999633789062,82.55999755859375,85.37000274658203,341792.0,20.68000030517578,21.959999084472656,20.219999313354492,21.780000686645508,0.0,42280.1484375,42716.19921875,42105.3984375,42708.3984375,307100.0
2023-10-27 05:30:00+05:30,4117.3701171875,4156.7001953125,4103.77978515625,4152.93017578125,4019500000.0,83.28250122070312,83.28939819335938,83.1416015625,83.28250122070312,0.0,1988.5999755859375,1988.5999755859375,1988.5999755859375,1988.5999755859375,372.0,85.54000091552734,85.9000015258789,83.0999984741211,83.52999877929688,333760.0,21.270000457763672,22.06999969482422,19.719999313354492,20.389999389648438,0.0,42782.0,42840.1484375,42482.75,42555.6015625,213900.0
2023-10-30 05:30:00+05:30,4166.81982421875,4177.47021484375,4132.93994140625,4139.39013671875,3911140000.0,83.41339874267578,83.41339874267578,83.2239990234375,83.41339874267578,0.0,1996.199951171875,2004.0999755859375,1992.5,2004.0999755859375,157.0,82.30999755859375,85.30000305175781,81.81999969482422,85.0,356928.0,19.75,21.15999984741211,19.549999237060547,21.1299991607666,0.0,43039.1484375,43112.5,42390.5,42721.3984375,189000.0
2023-10-31 05:30:00+05:30,4193.7998046875,4195.5498046875,4153.1201171875,4171.330078125,4249470000.0,83.29650115966797,83.33100128173828,83.2249984741211,83.29650115966797,0.0,1985.199951171875,2001.0,1983.699951171875,1996.5,84.0,81.0199966430664,83.37000274658203,80.73999786376953,82.58999633789062,346007.0,18.139999389648438,19.860000610351562,17.969999313354492,19.860000610351562,0.0,42845.94921875,43356.8515625,42797.1484375,43356.8515625,157400.0
2023-11-01 05:30:00+05:30,4237.85986328125,4245.64013671875,4197.740234375,4201.27001953125,4224900000.0,83.2771987915039,83.34929656982422,83.1978988647461,83.2771987915039,0.0,1978.800048828125,1990.5,1977.800048828125,1990.5,41.0,80.44000244140625,83.41999816894531,80.30000305175781,81.4800033569336,321592.0,16.8700008392334,18.420000076293945,16.6299991607666,18.020000457763672,0.0,42700.94921875,42815.1484375,42589.6484375,42694.25,145200.0
2023-11-02 05:30:00+05:30,4317.77978515625,4319.72021484375,4268.259765625,4268.259765625,4669780000.0,85.19400024414062,83.32589721679688,83.17050170898438,85.19400024414062,0.0,1985.5999755859375,1990.300048828125,1979.5,1989.0999755859375,39.0,82.45999908447266,82.83000183105469,80.22000122070312,80.81999969482422,307122.0,15.65999984741211,16.6200008392334,15.579999923706055,16.59000015258789,0.0,43017.19921875,43271.5,42796.44921875,43018.69921875,144700.0
2023-11-03 05:30:00+05:30,4358.33984375,4373.6201171875,4334.22998046875,4334.22998046875,4570960000.0,83.24729919433594,83.3280029296875,83.14540100097656,83.24729919433594,0.0,1991.5,1991.5,1989.0,1989.0,12.0,80.51000213623047,83.5999984741211,80.0999984741211,82.58000183105469,457281.0,14.90999984741211,15.829999923706055,14.90999984741211,15.699999809265137,0.0,43318.25,43416.1015625,43221.0,43318.30078125,124100.0
2023-11-06 05:30:00+05:30,4365.97998046875,4372.2099609375,4347.52978515625,4364.27001953125,3656340000.0,83.15850067138672,83.25969696044922,82.97660064697266,83.15850067138672,0.0,1981.5999755859375,1981.5999755859375,1977.4000244140625,1981.5999755859375,130.0,80.81999969482422,82.23999786376953,80.66000366210938,81.12999725341797,271131.0,14.890000343322754,15.579999923706055,14.84000015258789,15.390000343322754,0.0,43619.3984375,43648.69921875,43415.19921875,43627.75,149900.0
2023-11-07 05:30:00+05:30,4378.3798828125,4386.259765625,4355.41015625,4366.2099609375,3791230000.0,83.2228012084961,83.28089904785156,83.14450073242188,83.2228012084961,0.0,1966.800048828125,1966.800048828125,1960.699951171875,1966.5,20.0,77.37000274658203,81.05000305175781,77.08999633789062,80.93000030517578,396289.0,14.8100004196167,15.170000076293945,14.710000038146973,15.100000381469727,0.0,43737.8984375,43799.3515625,43283.8515625,43598.8515625,198200.0
2023-11-08 05:30:00+05:30,4382.77978515625,4391.2001953125,4359.759765625,4384.3701171875,3729510000.0,83.23269653320312,83.31529998779297,83.1843032836914,83.23269653320312,0.0,1951.5,1967.800048828125,1947.699951171875,1967.800048828125,43.0,75.33000183105469,77.52999877929688,74.91000366210938,77.12000274658203,429647.0,14.449999809265137,15.09000015258789,14.300000190734863,14.90999984741211,0.0,43658.6484375,43797.55078125,43547.75,43791.80078125,163400.0
2023-11-09 05:30:00+05:30,4347.35009765625,4393.39990234375,4343.93994140625,4391.41015625,3900780000.0,83.21769714355469,83.30909729003906,83.21869659423828,83.21769714355469,0.0,1964.199951171875,1964.199951171875,1945.300048828125,1951.699951171875,10.0,75.73999786376953,77.16000366210938,75.20999908447266,75.6500015258789,303430.0,15.289999961853027,15.569999694824219,14.130000114440918,14.609999656677246,0.0,43683.6015625,43876.75,43542.6484375,43626.1015625,108900.0
2023-11-10 05:30:00+05:30,4415.240234375,4418.02978515625,4353.33984375,4364.14990234375,3665080000.0,83.31939697265625,83.52580261230469,83.23169708251953,83.31939697265625,0.0,1932.5999755859375,1959.5999755859375,1932.5999755859375,1959.5999755859375,375.0,77.16999816894531,77.7300033569336,75.30999755859375,75.58999633789062,266998.0,14.170000076293945,15.449999809265137,14.15999984741211,15.09000015258789,0.0,43820.1015625,43908.69921875,43504.94921875,43543.25,90000.0
2023-11-13 05:30:00+05:30,4411.5498046875,4421.759765625,4393.81982421875,4406.66015625,3326240000.0,83.29889678955078,83.39910125732422,83.21820068359375,83.29889678955078,0.0,1945.5,1947.199951171875,1934.0,1939.9000244140625,191.0,78.26000213623047,78.63999938964844,76.20999908447266,77.1500015258789,262903.0,14.760000228881836,15.1899995803833,14.579999923706055,15.15999984741211,0.0,43891.25,43970.75,43681.3984375,43915.1015625,169600.0
2023-11-14 05:30:00+05:30,4495.7001953125,4508.669921875,4458.97021484375,4458.97021484375,4700350000.0,83.19760131835938,83.33300018310547,82.90899658203125,83.19760131835938,0.0,1961.800048828125,1965.800048828125,1961.800048828125,1965.800048828125,2.0,78.26000213623047,79.7699966430664,77.79000091552734,78.52999877929688,263002.0,14.15999984741211,14.859999656677246,13.90999984741211,14.829999923706055,0.0,43891.25,43970.75,43681.3984375,43915.1015625,169600.0
2023-11-15 05:30:00+05:30,4502.8798828125,4521.169921875,4495.31005859375,4505.2998046875,4347170000.0,82.98159790039062,83.20590209960938,82.9219970703125,82.98159790039062,0.0,1960.0999755859375,1962.800048828125,1960.0,1962.800048828125,6.0,76.66000366210938,78.7699966430664,76.30999755859375,78.16999816894531,282301.0,14.180000305175781,14.350000381469727,13.970000267028809,14.210000038146973,0.0,44201.69921875,44408.55078125,44164.55078125,44398.44921875,202500.0
2023-11-16 05:30:00+05:30,4508.240234375,4511.990234375,4487.830078125,4497.080078125,3964520000.0,83.18620300292969,83.26439666748047,82.99330139160156,83.18620300292969,0.0,1983.9000244140625,1983.9000244140625,1964.5999755859375,1965.300048828125,39.0,72.9000015258789,76.62999725341797,72.16000366210938,76.5999984741211,125165.0,14.319999694824219,14.420000076293945,13.680000305175781,14.119999885559082,0.0,44161.55078125,44420.94921875,44064.1484375,44251.69921875,144300.0
2023-11-17 05:30:00+05:30,4514.02001953125,4520.1201171875,4499.66015625,4509.5498046875,3777240000.0,83.12030029296875,83.28369903564453,83.13639831542969,83.12030029296875,0.0,1981.5999755859375,1984.0,1979.800048828125,1982.5,32.0,75.88999938964844,75.98999786376953,72.75,72.97000122070312,101484.0,13.800000190734863,14.1899995803833,13.670000076293945,14.180000305175781,0.0,43583.94921875,43872.8515625,43513.8515625,43656.25,227400.0
2023-11-20 05:30:00+05:30,4547.3798828125,4557.10986328125,4510.35986328125,4511.7001953125,3644790000.0,83.29149627685547,83.41449737548828,83.20369720458984,83.29149627685547,0.0,1977.699951171875,1979.4000244140625,1969.699951171875,1978.699951171875,182.0,77.5999984741211,78.22000122070312,75.6500015258789,75.6500015258789,270638.0,13.40999984741211,14.3100004196167,13.390000343322754,14.260000228881836,0.0,43584.94921875,43724.0,43450.05078125,43591.5,124300.0
2023-11-21 05:30:00+05:30,4538.18994140625,4542.14013671875,4525.509765625,4538.77001953125,3511080000.0,83.32219696044922,83.37079620361328,83.23699951171875,83.32219696044922,0.0,1999.300048828125,2005.5,1988.5,1990.699951171875,16.0,77.7699966430664,77.91999816894531,76.91999816894531,77.6500015258789,238629.0,13.350000381469727,14.3100004196167,13.130000114440918,13.449999809265137,0.0,43689.1484375,43790.94921875,43586.44921875,43790.94921875,108200.0
2023-11-22 05:30:00+05:30,4556.6201171875,4568.43017578125,4545.0498046875,4553.0400390625,3042810000.0,83.345703125,83.34609985351562,83.25959777832031,83.345703125,0.0,1991.4000244140625,1999.4000244140625,1991.0,1999.0999755859375,6075.0,77.0999984741211,77.97000122070312,73.79000091552734,77.7699966430664,389325.0,12.850000381469727,13.25,12.819999694824219,13.079999923706055,0.0,43449.6015625,43692.5,43230.94921875,43663.6015625,150900.0
2023-11-23 05:30:00+05:30,4556.6201171875,4568.43017578125,4545.0498046875,4553.0400390625,3042810000.0,83.54830169677734,83.35379791259766,83.17829895019531,83.54830169677734,0.0,1991.4000244140625,1999.4000244140625,1991.0,1999.0999755859375,6075.0,77.0999984741211,77.97000122070312,73.79000091552734,77.7699966430664,389325.0,12.850000381469727,13.25,12.819999694824219,13.079999923706055,0.0,43577.5,43649.6484375,43451.3515625,43452.75,72300.0
2023-11-24 05:30:00+05:30,4559.33984375,4560.31005859375,4552.7998046875,4555.83984375,1639500000.0,83.34400177001953,83.4072036743164,83.29650115966797,83.34400177001953,0.0,2002.199951171875,2002.199951171875,1991.5,1991.9000244140625,63.0,75.54000091552734,77.08999633789062,75.06999969482422,76.79000091552734,281147.0,12.460000038146973,13.170000076293945,12.449999809265137,13.029999732971191,0.0,43769.1015625,43806.5,43566.1484375,43607.3515625,96800.0
2023-11-27 05:30:00+05:30,4550.43017578125,4560.52001953125,4546.31982421875,4554.85986328125,3403990000.0,83.31449890136719,83.42859649658203,83.30850219726562,83.31449890136719,0.0,2011.800048828125,2011.800048828125,2011.699951171875,2011.699951171875,228.0,74.86000061035156,76.2300033569336,74.05999755859375,75.30999755859375,289562.0,12.6899995803833,13.279999732971191,12.640000343322754,13.140000343322754,0.0,43769.1015625,43806.5,43566.1484375,43607.3515625,96800.0
2023-11-28 05:30:00+05:30,4554.89013671875,4568.14013671875,4540.509765625,4545.5498046875,3586240000.0,83.364501953125,83.42250061035156,83.30599975585938,83.364501953125,0.0,2039.699951171875,2042.699951171875,2039.699951171875,2040.5999755859375,174665.0,76.41000366210938,77.0199966430664,74.63999938964844,75.06999969482422,286618.0,12.6899995803833,14.300000190734863,12.5600004196167,12.779999732971191,0.0,43880.94921875,43960.30078125,43739.80078125,43851.55078125,151200.0
2023-11-29 05:30:00+05:30,4550.580078125,4587.64013671875,4547.14990234375,4571.83984375,4418760000.0,83.41809844970703,83.41809844970703,83.25540161132812,83.41809844970703,0.0,2047.0999755859375,2052.10009765625,2036.0,2041.699951171875,15290.0,77.86000061035156,78.08999633789062,75.66999816894531,76.55999755859375,322170.0,12.979999542236328,13.100000381469727,12.479999542236328,12.710000038146973,0.0,44566.44921875,44630.3515625,44003.44921875,44081.75,152300.0
2023-11-30 05:30:00+05:30,4567.7998046875,4569.89013671875,4537.240234375,4554.8701171875,5399300000.0,83.3302993774414,83.41130065917969,83.18699645996094,83.3302993774414,0.0,2038.0999755859375,2047.0999755859375,2033.0999755859375,2046.0999755859375,2506.0,75.95999908447266,79.5999984741211,75.05000305175781,77.75,559169.0,12.920000076293945,13.390000343322754,12.819999694824219,13.069999694824219,0.0,44481.75,44764.80078125,44254.6015625,44711.19921875,343200.0
2023-12-01 05:30:00+05:30,4594.6298828125,4599.39013671875,4554.7099609375,4559.43017578125,4397120000.0,83.35269927978516,83.36129760742188,83.2489013671875,83.35269927978516,0.0,2071.0,2073.199951171875,2036.0,2038.300048828125,614.0,74.06999969482422,76.76000213623047,73.93000030517578,75.58999633789062,358976.0,12.630000114440918,12.960000038146973,12.479999542236328,12.9399995803833,0.0,44814.19921875,44951.1015625,44531.75,44580.1484375,204900.0
2023-12-04 05:30:00+05:30,4569.77978515625,4572.3701171875,4546.72021484375,4564.3701171875,4369910000.0,83.21859741210938,83.4541015625,83.19770050048828,83.21859741210938,0.0,2024.0999755859375,2130.199951171875,2021.0,2075.300048828125,1071.0,73.04000091552734,75.02999877929688,72.62999725341797,74.58000183105469,388832.0,13.079999923706055,13.699999809265137,12.979999542236328,13.279999732971191,0.0,46431.3984375,46484.44921875,45484.19921875,45671.5,311200.0
2023-12-05 05:30:00+05:30,4567.18017578125,4578.56005859375,4551.68017578125,4557.25,3909950000.0,83.41709899902344,83.43160247802734,83.32879638671875,83.41709899902344,0.0,2018.5,2037.0,2010.199951171875,2035.0999755859375,289.0,72.31999969482422,74.12000274658203,72.0199966430664,73.30000305175781,358703.0,12.850000381469727,13.760000228881836,12.8100004196167,13.260000228881836,0.0,47012.25,47230.55078125,46653.6484375,46895.8984375,326100.0
2023-12-06 05:30:00+05:30,4549.33984375,4590.740234375,4546.5,4586.22998046875,4245680000.0,83.31590270996094,83.37229919433594,83.28800201416016,83.31590270996094,0.0,2030.5,2035.800048828125,2019.0,2019.9000244140625,417.0,69.37999725341797,72.5999984741211,69.11000061035156,72.0999984741211,436803.0,12.970000267028809,13.029999732971191,12.640000343322754,12.779999732971191,0.0,46834.55078125,47259.8515625,46750.19921875,47256.75,244200.0
2023-12-07 05:30:00+05:30,4585.58984375,4590.919921875,4565.22021484375,4568.83984375,3818880000.0,83.28959655761719,83.3917007446289,83.29280090332031,83.28959655761719,0.0,2029.9000244140625,2034.9000244140625,2024.0,2029.199951171875,67.0,69.33999633789062,70.4800033569336,68.80000305175781,69.27999877929688,339000.0,13.0600004196167,13.279999732971191,12.949999809265137,13.170000076293945,0.0,46841.3984375,46927.69921875,46507.1484375,46735.3984375,208100.0
2023-12-08 05:30:00+05:30,4604.3701171875,4609.22998046875,4574.06005859375,4576.2001953125,3707010000.0,83.35489654541016,83.4540023803711,81.0260009765625,83.35489654541016,0.0,1998.300048828125,2033.0999755859375,1995.0,2031.699951171875,449.0,71.2300033569336,71.62999725341797,69.5,69.76000213623047,302250.0,12.350000381469727,13.239999771118164,12.350000381469727,13.140000343322754,0.0,47262.0,47303.6484375,46793.8984375,46797.19921875,218300.0
2023-12-11 05:30:00+05:30,4622.43994140625,4623.7099609375,4593.39013671875,4593.39013671875,3823210000.0,83.43009948730469,83.44100189208984,83.3572998046875,83.43009948730469,0.0,1978.0,2004.199951171875,1977.199951171875,2004.0999755859375,651.0,71.31999969482422,71.80999755859375,70.3499984741211,71.1500015258789,274414.0,12.630000114440918,13.140000343322754,12.609999656677246,13.050000190734863,0.0,47314.25,47588.0,47186.6015625,47233.30078125,182500.0
2023-12-12 05:30:00+05:30,4643.7001953125,4643.93017578125,4608.08984375,4618.2998046875,3808380000.0,83.34349822998047,83.42379760742188,83.33940124511719,83.34349822998047,0.0,1977.800048828125,1994.199951171875,1977.800048828125,1984.199951171875,95.0,68.61000061035156,71.95999908447266,68.22000122070312,71.43000030517578,324530.0,12.069999694824219,12.739999771118164,11.8100004196167,12.6899995803833,0.0,47097.55078125,47454.0,47004.05078125,47421.69921875,182000.0
2023-12-13 05:30:00+05:30,4707.08984375,4709.68994140625,4643.22998046875,4646.2001953125,5063650000.0,83.39600372314453,83.44259643554688,83.3468017578125,83.39600372314453,0.0,1982.300048828125,2024.800048828125,1975.0,1978.5,2252.0,69.47000122070312,69.88999938964844,67.70999908447266,68.7300033569336,306996.0,12.1899995803833,12.460000038146973,11.819999694824219,12.199999809265137,0.0,47092.25,47201.94921875,46886.8984375,47190.75,202300.0
2023-12-14 05:30:00+05:30,4719.5498046875,4738.56982421875,4694.33984375,4721.0400390625,6314040000.0,83.2853012084961,83.36409759521484,83.24440002441406,83.2853012084961,0.0,2030.199951171875,2040.0999755859375,2024.300048828125,2024.699951171875,236.0,71.58000183105469,72.45999908447266,69.54000091552734,69.8499984741211,275688.0,12.479999542236328,12.739999771118164,11.84000015258789,11.960000038146973,0.0,47732.30078125,47943.6015625,47510.8515625,47567.6484375,193100.0
2023-12-15 05:30:00+05:30,4719.18994140625,4725.52978515625,4704.68994140625,4714.22998046875,8218980000.0,83.29660034179688,83.3302001953125,82.94219970703125,83.29660034179688,0.0,2021.0999755859375,2043.4000244140625,2018.300048828125,2032.5999755859375,261.0,71.43000030517578,72.22000122070312,70.30000305175781,71.61000061035156,95513.0,12.279999732971191,12.539999961853027,12.010000228881836,12.119999885559082,0.0,48143.55078125,48219.94921875,47632.8515625,47939.8984375,313900.0
2023-12-18 05:30:00+05:30,4740.56005859375,4749.52001953125,4725.580078125,4725.580078125,4060340000.0,83.04170227050781,83.15470123291016,82.9188003540039,83.04170227050781,0.0,2026.300048828125,2032.800048828125,2024.0,2024.300048828125,100.0,72.47000122070312,74.26000213623047,70.63999938964844,71.68000030517578,73941.0,12.5600004196167,12.640000343322754,12.399999618530273,12.619999885559082,0.0,47867.69921875,48076.6015625,47806.69921875,48068.5,157300.0
2023-12-19 05:30:00+05:30,4768.3701171875,4768.68994140625,4743.72021484375,4743.72021484375,4026970000.0,83.11119842529297,83.27420043945312,83.06500244140625,83.11119842529297,0.0,2038.4000244140625,2042.699951171875,2025.199951171875,2025.199951171875,498.0,73.44000244140625,74.01000213623047,71.8499984741211,72.4800033569336,230042.0,12.529999732971191,12.600000381469727,12.329999923706055,12.600000381469727,0.0,47870.8984375,48017.0,47646.05078125,47940.3984375,189800.0
2023-12-20 05:30:00+05:30,4698.35009765625,4778.009765625,4697.81982421875,4764.72998046875,4201320000.0,83.09159851074219,83.22720336914062,83.03309631347656,83.09159851074219,0.0,2034.5,2037.0999755859375,2030.300048828125,2037.0999755859375,258.0,74.22000122070312,75.37000274658203,73.5999984741211,74.05999755859375,273364.0,13.670000076293945,13.930000305175781,12.289999961853027,12.630000114440918,0.0,47445.30078125,48166.1484375,47202.6484375,48085.3515625,242500.0
2023-12-21 05:30:00+05:30,4746.75,4748.7099609375,4708.35009765625,4724.2900390625,3431180000.0,83.26719665527344,83.32969665527344,83.14199829101562,83.26719665527344,0.0,2039.0999755859375,2044.5,2033.0,2035.800048828125,228.0,73.88999938964844,74.58000183105469,72.44000244140625,73.80999755859375,251982.0,13.649999618530273,14.489999771118164,13.34000015258789,13.399999618530273,0.0,47840.1484375,47932.3984375,46919.69921875,47172.44921875,208000.0
2023-12-22 05:30:00+05:30,4754.6298828125,4772.93994140625,4736.77001953125,4753.919921875,3046770000.0,83.13159942626953,83.27449798583984,83.04229736328125,83.13159942626953,0.0,2057.10009765625,2068.699951171875,2052.199951171875,2055.699951171875,202.0,73.55999755859375,74.9800033569336,73.38999938964844,73.91000366210938,222600.0,13.029999732971191,13.960000038146973,13.0,13.720000267028809,0.0,47491.8515625,48071.3984375,47415.8515625,47837.75,165800.0
2023-12-25 05:30:00+05:30,4754.6298828125,4772.93994140625,4736.77001953125,4753.919921875,3046770000.0,83.16500091552734,83.17230224609375,83.16500091552734,83.16500091552734,0.0,2057.10009765625,2068.699951171875,2052.199951171875,2055.699951171875,202.0,73.55999755859375,74.9800033569336,73.38999938964844,73.91000366210938,222600.0,13.029999732971191,13.960000038146973,13.0,13.720000267028809,0.0,47491.8515625,48071.3984375,47415.8515625,47837.75,165800.0
2023-12-26 05:30:00+05:30,4774.75,4784.72021484375,4758.4501953125,4758.85986328125,2513910000.0,83.17230224609375,83.2146987915039,83.10420227050781,83.17230224609375,0.0,2058.199951171875,2060.800048828125,2054.199951171875,2060.0,64.0,75.56999969482422,76.18000030517578,73.12999725341797,73.55999755859375,208715.0,12.989999771118164,13.800000190734863,12.960000038146973,13.770000457763672,0.0,47724.8515625,47838.44921875,47411.6484375,47576.3984375,118700.0
2023-12-27 05:30:00+05:30,4781.580078125,4785.39013671875,4768.89990234375,4773.4501953125,2748450000.0,83.18280029296875,83.34919738769531,83.12120056152344,83.18280029296875,0.0,2081.89990234375,2081.89990234375,2064.800048828125,2067.300048828125,586.0,74.11000061035156,75.66000366210938,73.7699966430664,75.31999969482422,253323.0,12.430000305175781,13.039999961853027,12.369999885559082,13.020000457763672,0.0,48282.19921875,48347.6484375,47806.69921875,47818.5,184900.0
2023-12-28 05:30:00+05:30,4783.35009765625,4793.2998046875,4780.97998046875,4786.43994140625,2698860000.0,83.26719665527344,83.33570098876953,83.1592025756836,83.26719665527344,0.0,2073.89990234375,2087.300048828125,2066.5,2081.60009765625,338.0,71.7699966430664,74.4000015258789,71.72000122070312,73.80000305175781,262748.0,12.470000267028809,12.649999618530273,12.380000114440918,12.4399995803833,0.0,48508.55078125,48636.44921875,48343.1484375,48479.05078125,391100.0
2023-12-29 05:30:00+05:30,4769.830078125,4788.43017578125,4751.990234375,4782.8798828125,3126060000.0,82.302001953125,83.25299835205078,82.70240020751953,82.302001953125,0.0,2062.39990234375,2068.89990234375,2062.10009765625,2068.0,47.0,71.6500015258789,72.62000274658203,71.25,71.98999786376953,214486.0,12.449999809265137,13.1899995803833,12.359999656677246,12.550000190734863,0.0,48292.25,48477.69921875,48091.8515625,48374.8515625,174000.0
2024-01-01 05:30:00+05:30,4769.830078125,4788.43017578125,4751.990234375,4782.8798828125,3126060000.0,83.24859619140625,83.23799896240234,83.1500015258789,83.24859619140625,0.0,2062.39990234375,2068.89990234375,2062.10009765625,2068.0,47.0,71.6500015258789,72.62000274658203,71.25,71.98999786376953,214486.0,12.449999809265137,13.1899995803833,12.359999656677246,12.550000190734863,0.0,48234.30078125,48450.0,48044.1484375,48203.44921875,146900.0
2024-01-02 05:30:00+05:30,4742.830078125,4754.330078125,4722.669921875,4745.2001953125,3743050000.0,83.20259857177734,83.34300231933594,83.1697998046875,83.20259857177734,0.0,2064.39990234375,2073.699951171875,2057.10009765625,2063.5,61.0,70.37999725341797,73.63999938964844,70.05999755859375,71.70999908447266,330992.0,13.199999809265137,14.229999542236328,13.100000381469727,13.220000267028809,0.0,47761.6484375,48223.55078125,47689.80078125,48194.80078125,183200.0
2024-01-03 05:30:00+05:30,4704.81005859375,4729.2900390625,4699.7099609375,4725.06982421875,3950760000.0,83.25700378417969,83.33370208740234,83.24620056152344,83.25700378417969,0.0,2034.199951171875,2044.0,2034.199951171875,2034.199951171875,54.0,72.69999694824219,73.2300033569336,69.27999877929688,70.5,334861.0,14.039999961853027,14.220000267028809,13.329999923706055,13.350000381469727,0.0,47704.94921875,47798.75,47481.3515625,47796.30078125,233300.0
2024-01-04 05:30:00+05:30,4688.68017578125,4726.77978515625,4687.52978515625,4697.419921875,3715480000.0,83.31809997558594,83.36029815673828,83.20210266113281,83.31809997558594,0.0,2042.300048828125,2044.5,2038.0,2041.5999755859375,88.0,72.19000244140625,74.0,71.05999755859375,73.04000091552734,344467.0,14.130000114440918,14.199999809265137,13.640000343322754,13.930000305175781,0.0,48195.8515625,48281.19921875,47738.1484375,47805.3984375,175700.0
2024-01-05 05:30:00+05:30,4697.240234375,4721.490234375,4682.10986328125,4690.56982421875,3844370000.0,83.2406005859375,83.27159881591797,83.03500366210938,83.2406005859375,0.0,2042.4000244140625,2048.10009765625,2042.4000244140625,2044.5,12.0,73.80999755859375,74.23999786376953,72.20999908447266,72.4000015258789,325525.0,13.350000381469727,14.579999923706055,13.289999961853027,14.239999771118164,0.0,48159.0,48381.94921875,47822.8515625,48245.55078125,181000.0
2024-01-08 05:30:00+05:30,4763.5400390625,4764.5400390625,4699.81982421875,4703.7001953125,3742320000.0,83.19110107421875,83.189697265625,83.0282974243164,83.19110107421875,0.0,2026.5999755859375,2033.699951171875,2019.0999755859375,2019.0999755859375,10.0,70.7699966430664,73.94999694824219,70.12999725341797,73.51000213623047,392249.0,13.079999923706055,14.180000305175781,13.020000457763672,14.0,0.0,47450.25,48154.5,47387.3515625,48096.6484375,231400.0
2024-01-09 05:30:00+05:30,4756.5,4765.47021484375,4730.35009765625,4741.93017578125,3529960000.0,83.05069732666016,83.1343994140625,83.02069854736328,83.05069732666016,0.0,2026.4000244140625,2035.800048828125,2026.4000244140625,2035.800048828125,27.0,72.23999786376953,72.93000030517578,70.47000122070312,70.91000366210938,363445.0,12.760000228881836,13.449999809265137,12.739999771118164,13.199999809265137,0.0,47242.6484375,47939.30078125,47156.05078125,47705.3984375,161000.0
2024-01-10 05:30:00+05:30,4783.4501953125,4790.7998046875,4756.2001953125,4759.93994140625,3498680000.0,83.131103515625,83.18219757080078,82.95480346679688,83.131103515625,0.0,2021.699951171875,2035.5999755859375,2021.699951171875,2029.0,538.0,71.37000274658203,73.58999633789062,71.01000213623047,72.16999816894531,352772.0,12.6899995803833,12.949999809265137,12.670000076293945,12.859999656677246,0.0,47360.8515625,47423.44921875,47010.80078125,47073.8515625,165200.0
2024-01-11 05:30:00+05:30,4780.240234375,4798.5,4739.580078125,4792.1298828125,3759890000.0,83.02559661865234,83.11000061035156,82.93329620361328,83.02559661865234,0.0,2014.300048828125,2025.0999755859375,2014.300048828125,2025.0999755859375,97.0,72.0199966430664,73.80999755859375,71.16999816894531,71.33000183105469,373645.0,12.4399995803833,13.3100004196167,12.350000381469727,12.640000343322754,0.0,47438.3515625,47662.1015625,47237.0,47538.6015625,132500.0
2024-01-12 05:30:00+05:30,4783.830078125,4802.39990234375,4768.97998046875,4791.18017578125,3486340000.0,83.07610321044922,83.09400177001953,82.77909851074219,83.07610321044922,0.0,2046.699951171875,2057.0,2031.0999755859375,2031.0999755859375,390.0,72.68000030517578,75.25,72.36000061035156,73.01000213623047,403636.0,12.699999809265137,13.079999923706055,12.470000267028809,12.65999984741211,0.0,47709.80078125,47873.69921875,47408.5,47572.69921875,191600.0
2024-01-15 05:30:00+05:30,4783.830078125,4802.39990234375,4768.97998046875,4791.18017578125,3486340000.0,82.87210083007812,82.8949966430664,82.80999755859375,82.87210083007812,0.0,2046.699951171875,2057.0,2031.0999755859375,2031.0999755859375,390.0,72.68000030517578,75.25,72.36000061035156,73.01000213623047,403636.0,12.699999809265137,13.079999923706055,12.470000267028809,12.65999984741211,0.0,48158.30078125,48248.05078125,47825.3984375,47891.05078125,167100.0
2024-01-16 05:30:00+05:30,4765.97998046875,4782.33984375,4747.1201171875,4772.35009765625,4260550000.0,82.8593978881836,83.1404037475586,82.82730102539062,82.8593978881836,0.0,2026.0,2054.800048828125,2026.0,2051.699951171875,46.0,72.4000015258789,73.55999755859375,71.2300033569336,72.62999725341797,430437.0,13.84000015258789,14.350000381469727,13.520000457763672,14.119999885559082,0.0,48125.1015625,48305.3984375,48002.8515625,48109.94921875,224500.0
2024-01-17 05:30:00+05:30,4739.2099609375,4744.22998046875,4714.81982421875,4739.1298828125,3928600000.0,83.08899688720703,83.21399688720703,83.01750183105469,83.08899688720703,0.0,2002.5999755859375,2026.5,2002.5999755859375,2026.5,764.0,72.55999755859375,72.94999694824219,70.5,72.0,315679.0,14.789999961853027,15.399999618530273,14.380000114440918,14.59000015258789,0.0,46064.44921875,47212.75,45979.6015625,46573.94921875,499600.0
2024-01-18 05:30:00+05:30,4780.93994140625,4785.7900390625,4740.56982421875,4760.10009765625,4019000000.0,83.17759704589844,83.1886978149414,83.0552978515625,83.17759704589844,0.0,2018.5999755859375,2018.5999755859375,2009.5,2012.800048828125,1474.0,74.08000183105469,74.37999725341797,72.18000030517578,72.77999877929688,86646.0,14.130000114440918,14.890000343322754,13.890000343322754,14.850000381469727,0.0,45713.55078125,46184.05078125,45430.69921875,45492.75,275000.0
2024-01-19 05:30:00+05:30,4839.81005859375,4842.06982421875,4785.8701171875,4796.27978515625,4287200000.0,83.16059875488281,83.23079681396484,83.04199981689453,83.16059875488281,0.0,2026.5,2036.0,2019.5,2023.199951171875,50.0,73.41000366210938,74.91000366210938,73.19999694824219,74.08000183105469,78234.0,13.300000190734863,14.579999923706055,13.279999732971191,13.800000190734863,0.0,45701.1484375,46249.8515625,45558.05078125,46103.5,296600.0
2024-01-22 05:30:00+05:30,4850.43017578125,4868.41015625,4844.0498046875,4853.419921875,4297610000.0,83.12470245361328,83.18049621582031,83.0248031616211,83.12470245361328,0.0,2019.800048828125,2021.300048828125,2019.800048828125,2021.300048828125,12.0,75.19000244140625,75.75,72.88999938964844,73.41000366210938,372284.0,13.1899995803833,13.84000015258789,13.170000076293945,13.770000457763672,0.0,45701.1484375,46249.8515625,45558.05078125,46103.5,296600.0
2024-01-23 05:30:00+05:30,4864.60009765625,4866.47998046875,4844.3701171875,4856.7998046875,3912800000.0,83.09510040283203,83.18099975585938,81.51370239257812,83.09510040283203,0.0,2023.699951171875,2030.300048828125,2022.5,2030.300048828125,15.0,74.37000274658203,75.25,73.41000366210938,74.68000030517578,306060.0,12.550000190734863,13.289999961853027,12.529999732971191,13.199999809265137,0.0,45015.05078125,46580.30078125,44886.1015625,46495.44921875,422600.0
2024-01-24 05:30:00+05:30,4868.5498046875,4903.68017578125,4865.93994140625,4888.56005859375,4330030000.0,83.22139739990234,83.22250366210938,83.07099914550781,83.22139739990234,0.0,2013.9000244140625,2033.199951171875,2013.9000244140625,2023.199951171875,253.0,75.08999633789062,75.83000183105469,73.94000244140625,74.56999969482422,323726.0,13.140000343322754,13.180000305175781,12.40999984741211,12.65999984741211,0.0,45082.3984375,45485.5,44489.3984375,44489.3984375,348700.0
2024-01-25 05:30:00+05:30,4894.16015625,4898.14990234375,4869.33984375,4886.66015625,4020430000.0,83.09760284423828,83.15039825439453,83.0780029296875,83.09760284423828,0.0,2016.9000244140625,2022.4000244140625,2012.0999755859375,2012.0999755859375,548.0,77.36000061035156,77.51000213623047,75.16000366210938,75.30000305175781,320177.0,13.449999809265137,13.579999923706055,13.0600004196167,13.180000305175781,0.0,44866.1484375,45139.05078125,44429.0,45057.94921875,386800.0
2024-01-26 05:30:00+05:30,4890.97021484375,4906.68994140625,4881.47021484375,4888.91015625,3353400000.0,83.14610290527344,83.18589782714844,83.0740966796875,83.14610290527344,0.0,2016.800048828125,2022.4000244140625,2016.800048828125,2021.699951171875,49.0,78.01000213623047,78.26000213623047,76.05999755859375,77.1500015258789,365456.0,13.260000228881836,14.100000381469727,13.199999809265137,13.729999542236328,0.0,44866.1484375,45139.05078125,44429.0,45057.94921875,386800.0
2024-01-29 05:30:00+05:30,4927.93017578125,4929.31005859375,4887.39990234375,4892.9501953125,3525160000.0,83.12129974365234,83.1613998413086,83.12210083007812,83.12129974365234,0.0,2025.199951171875,2025.199951171875,2025.199951171875,2025.199951171875,150708.0,76.77999877929688,79.29000091552734,76.41000366210938,78.9000015258789,331925.0,13.600000381469727,15.350000381469727,13.59000015258789,13.979999542236328,0.0,45442.3515625,45660.3515625,45110.8984375,45171.5,336800.0
2024-01-30 05:30:00+05:30,4924.97021484375,4931.08984375,4916.27001953125,4925.89013671875,3836130000.0,83.1530990600586,83.21260070800781,83.09100341796875,83.1530990600586,0.0,2031.5,2048.5,2028.0999755859375,2032.5,26907.0,77.81999969482422,78.13999938964844,75.8499984741211,77.0199966430664,347242.0,13.3100004196167,13.739999771118164,13.229999542236328,13.6899995803833,0.0,45367.75,45678.69921875,45206.05078125,45481.5,232100.0
2024-01-31 05:30:00+05:30,4845.64990234375,4906.75,4845.14990234375,4899.18994140625,4696120000.0,83.10970306396484,83.12560272216797,83.0009994506836,83.10970306396484,0.0,2048.39990234375,2055.0,2030.0,2035.4000244140625,2007.0,75.8499984741211,78.11000061035156,75.5199966430664,77.83999633789062,344493.0,14.350000381469727,14.609999656677246,13.180000305175781,13.420000076293945,0.0,45996.80078125,46179.75,45071.19921875,45295.6484375,373100.0
2024-02-01 05:30:00+05:30,4906.18994140625,4906.97021484375,4853.52001953125,4861.10986328125,4386090000.0,83.05359649658203,83.0791015625,82.91190338134766,83.05359649658203,0.0,2053.0,2064.5,2029.0,2040.199951171875,947.0,73.81999969482422,76.94999694824219,73.69999694824219,75.95999908447266,577936.0,13.880000114440918,14.630000114440918,13.869999885559082,14.210000038146973,0.0,46188.6484375,46306.8984375,45668.3515625,46164.8984375,305700.0
2024-02-02 05:30:00+05:30,4958.60986328125,4975.2900390625,4907.990234375,4916.06005859375,3974350000.0,82.92759704589844,83.03309631347656,82.81500244140625,82.92759704589844,0.0,2036.0999755859375,2055.89990234375,2027.699951171875,2054.800048828125,888.0,72.27999877929688,74.5199966430664,71.79000091552734,73.91000366210938,467768.0,13.850000381469727,14.229999542236328,13.390000343322754,13.949999809265137,0.0,45970.94921875,46892.3515625,45901.25,46568.19921875,337000.0
2024-02-05 05:30:00+05:30,4942.81005859375,4957.18994140625,4918.08984375,4957.18994140625,4023640000.0,82.99929809570312,83.09100341796875,82.95469665527344,82.99929809570312,0.0,2025.699951171875,2040.800048828125,2013.800048828125,2038.9000244140625,412.0,72.77999877929688,73.27999877929688,71.41000366210938,72.75,350843.0,13.670000076293945,14.529999732971191,13.579999923706055,14.369999885559082,0.0,45825.55078125,46048.6015625,45615.1015625,45962.25,265900.0
2024-02-06 05:30:00+05:30,4954.22998046875,4957.77001953125,4934.8798828125,4950.16015625,4440880000.0,83.10369873046875,83.06999969482422,82.9822998046875,83.10369873046875,0.0,2034.5,2037.300048828125,2025.9000244140625,2025.9000244140625,249.0,73.30999755859375,73.81999969482422,72.37999725341797,72.76000213623047,310955.0,13.0600004196167,13.779999732971191,12.979999542236328,13.569999694824219,0.0,45690.80078125,45932.1484375,45527.0,45891.19921875,178600.0
2024-02-07 05:30:00+05:30,4995.06005859375,4999.89013671875,4969.0498046875,4973.0498046875,4895590000.0,83.07060241699219,83.07769775390625,82.93599700927734,83.07060241699219,0.0,2035.199951171875,2039.5,2032.699951171875,2032.800048828125,71.0,73.86000061035156,74.22000122070312,73.2300033569336,73.5,294955.0,12.829999923706055,13.130000114440918,12.8100004196167,13.0600004196167,0.0,45818.5,46062.8515625,45620.5,45944.6015625,283700.0
2024-02-08 05:30:00+05:30,4997.91015625,5000.39990234375,4987.08984375,4995.16015625,4341860000.0,83.01260375976562,83.0103988647461,82.89800262451172,83.01260375976562,0.0,2032.199951171875,2036.699951171875,2020.300048828125,2028.0,341.0,76.22000122070312,76.58999633789062,73.55999755859375,74.08000183105469,377906.0,12.789999961853027,13.170000076293945,12.739999771118164,12.949999809265137,0.0,45012.0,46181.19921875,44893.75,45973.8515625,319900.0
2024-02-09 05:30:00+05:30,5026.60986328125,5030.06005859375,5000.33984375,5004.169921875,3912990000.0,82.98529815673828,83.04759979248047,82.9209976196289,82.98529815673828,0.0,2023.300048828125,2032.0,2020.0,2032.0,62.0,76.83999633789062,77.29000091552734,75.93000030517578,76.41999816894531,302612.0,12.930000305175781,13.010000228881836,12.6899995803833,12.789999961853027,0.0,45634.55078125,45718.1484375,44859.1484375,44986.75,276000.0
2024-02-12 05:30:00+05:30,5021.83984375,5048.39013671875,5016.830078125,5026.830078125,3805740000.0,83.0145034790039,83.1239013671875,82.88099670410156,83.0145034790039,0.0,2018.199951171875,2025.5,2011.5999755859375,2025.5,317.0,76.91999816894531,77.08999633789062,75.54000091552734,76.5999984741211,248476.0,13.930000305175781,13.9399995803833,13.34000015258789,13.479999542236328,0.0,44882.25,45748.5,44633.8515625,45664.30078125,268800.0
2024-02-13 05:30:00+05:30,4953.169921875,4971.2998046875,4920.31005859375,4967.93994140625,4302190000.0,82.99019622802734,83.11139678955078,82.96170043945312,82.99019622802734,0.0,1992.9000244140625,2025.800048828125,1990.0,2025.0999755859375,198.0,77.87000274658203,78.47000122070312,76.87000274658203,77.02999877929688,338174.0,15.850000381469727,17.940000534057617,13.430000305175781,13.960000038146973,0.0,45502.3984375,45750.3984375,44819.55078125,45056.80078125,245900.0
2024-02-14 05:30:00+05:30,5000.6201171875,5002.52001953125,4956.4501953125,4976.43994140625,3845600000.0,83.07460021972656,83.11599731445312,83.01300048828125,83.07460021972656,0.0,1990.300048828125,1993.5,1984.800048828125,1990.300048828125,1916.0,76.63999938964844,78.7699966430664,76.37999725341797,77.80999755859375,296131.0,14.380000114440918,15.470000267028809,14.220000267028809,15.380000114440918,0.0,45908.30078125,46170.44921875,44860.75,45014.6484375,280000.0
2024-02-15 05:30:00+05:30,5029.72998046875,5032.72021484375,4999.43994140625,5003.14013671875,4137970000.0,83.04309844970703,83.05069732666016,82.96279907226562,83.04309844970703,0.0,2002.0999755859375,2007.199951171875,1993.5999755859375,1993.5999755859375,286.0,78.02999877929688,78.44000244140625,75.77999877929688,76.5999984741211,122432.0,14.010000228881836,14.640000343322754,13.9399995803833,14.270000457763672,0.0,46218.8984375,46297.69921875,45590.19921875,46027.1015625,277700.0
2024-02-16 05:30:00+05:30,5005.56982421875,5038.7001953125,4999.52001953125,5031.1298828125,3833270000.0,83.00959777832031,83.05229949951172,82.9728012084961,83.00959777832031,0.0,2011.5,2011.5,1996.5,2005.0,32.0,79.19000244140625,79.3499984741211,77.22000122070312,78.11000061035156,113713.0,14.239999771118164,14.710000038146973,13.75,13.9399995803833,0.0,46384.8515625,46693.3984375,46264.3984375,46454.30078125,291400.0
2024-02-19 05:30:00+05:30,5005.56982421875,5038.7001953125,4999.52001953125,5031.1298828125,3833270000.0,83.01599884033203,83.05159759521484,82.91210174560547,83.01599884033203,0.0,2011.5,2011.5,1996.5,2005.0,32.0,79.19000244140625,79.3499984741211,77.22000122070312,78.11000061035156,113713.0,14.239999771118164,14.710000038146973,13.75,13.9399995803833,0.0,46535.5,46717.3984375,46317.69921875,46554.8984375,158400.0
2024-02-20 05:30:00+05:30,4975.509765625,4993.7099609375,4955.02001953125,4989.31982421875,4034880000.0,83.02100372314453,83.03410339355469,82.8917007446289,83.02100372314453,0.0,2027.5,2029.0,2015.5999755859375,2015.5999755859375,1326.0,78.18000030517578,79.80000305175781,77.66999816894531,78.9800033569336,435235.0,15.420000076293945,15.90999984741211,15.069999694824219,15.09000015258789,0.0,47094.19921875,47136.75,46367.80078125,46444.8984375,171900.0
2024-02-21 05:30:00+05:30,4981.7998046875,4983.2099609375,4946.0,4963.02978515625,3788390000.0,82.8291015625,82.964599609375,82.81300354003906,82.8291015625,0.0,2022.300048828125,2028.199951171875,2022.300048828125,2028.199951171875,15.0,77.91000366210938,78.08000183105469,76.31999969482422,77.1500015258789,323243.0,15.34000015258789,16.1200008392334,15.220000267028809,15.539999961853027,0.0,47019.69921875,47363.3984375,46886.94921875,47363.3984375,198900.0
2024-02-22 05:30:00+05:30,5087.02978515625,5094.39013671875,5038.830078125,5038.830078125,4051710000.0,82.93840026855469,82.98680114746094,82.81700134277344,82.93840026855469,0.0,2019.699951171875,2033.199951171875,2019.699951171875,2033.199951171875,964.0,78.61000061035156,78.91999816894531,77.2300033569336,78.08999633789062,330511.0,14.539999961853027,14.640000343322754,14.119999885559082,14.279999732971191,0.0,46919.80078125,47024.05078125,46426.8515625,46934.55078125,177200.0
2024-02-23 05:30:00+05:30,5088.7998046875,5111.06005859375,5081.4599609375,5100.919921875,3672790000.0,82.87229919433594,82.9457015991211,82.83499908447266,82.87229919433594,0.0,2038.5999755859375,2038.5999755859375,2014.9000244140625,2026.0,22.0,76.48999786376953,78.38999938964844,76.3499984741211,78.37000274658203,353437.0,13.75,14.3100004196167,13.640000343322754,14.3100004196167,0.0,46811.75,47245.3515625,46723.1484375,47060.69921875,200500.0
2024-02-26 05:30:00+05:30,5069.52978515625,5097.66015625,5068.91015625,5093.0,3683930000.0,82.88179779052734,82.94920349121094,82.84459686279297,82.88179779052734,0.0,2028.5,2035.4000244140625,2024.800048828125,2034.0999755859375,143.0,77.58000183105469,78.02999877929688,75.83999633789062,76.4000015258789,274710.0,13.739999771118164,14.199999809265137,13.65999984741211,14.170000076293945,0.0,46576.5,46893.1484375,46513.55078125,46615.8515625,223700.0
2024-02-27 05:30:00+05:30,5078.18017578125,5080.68994140625,5057.2900390625,5074.60009765625,3925950000.0,82.85199737548828,82.91690063476562,82.82599639892578,82.85199737548828,0.0,2034.0,2035.9000244140625,2034.0,2035.9000244140625,964.0,78.87000274658203,79.0,77.16999816894531,77.62000274658203,269236.0,13.430000305175781,13.75,13.40999984741211,13.630000114440918,0.0,46588.05078125,46722.25,46324.8984375,46480.19921875,157300.0
2024-02-28 05:30:00+05:30,5069.759765625,5077.3701171875,5058.35009765625,5067.2001953125,3789370000.0,82.94819641113281,83.00409698486328,82.86990356445312,82.94819641113281,0.0,2033.0,2037.0,2024.800048828125,2029.5,581.0,78.54000091552734,79.62000274658203,77.77999877929688,78.4800033569336,330043.0,13.84000015258789,13.899999618530273,13.4399995803833,13.520000457763672,0.0,45963.1484375,46754.55078125,45852.55078125,46640.8984375,167300.0
2024-02-29 05:30:00+05:30,5096.27001953125,5104.990234375,5061.89013671875,5085.35986328125,5219740000.0,82.91190338134766,83.02200317382812,82.83999633789062,82.91190338134766,0.0,2045.699951171875,2049.800048828125,2034.300048828125,2034.300048828125,706.0,78.26000213623047,79.27999877929688,77.94000244140625,78.19999694824219,317939.0,13.399999618530273,14.149999618530273,13.300000190734863,14.140000343322754,0.0,46120.8984375,46329.6484375,45661.75,45881.44921875,544700.0
2024-03-01 05:30:00+05:30,5137.080078125,5140.330078125,5094.16015625,5098.509765625,4748110000.0,82.910400390625,82.92859649658203,82.84600067138672,82.910400390625,0.0,2086.89990234375,2086.89990234375,2041.800048828125,2043.0999755859375,1210.0,79.97000122070312,80.8499984741211,78.05000305175781,78.27999877929688,363417.0,13.109999656677246,13.65999984741211,13.079999923706055,13.34000015258789,0.0,47286.8984375,47342.25,46218.0,46218.0,172500.0
2024-03-04 05:30:00+05:30,5130.9501953125,5149.669921875,5127.18017578125,5130.990234375,4758440000.0,82.84609985351562,82.9979019165039,82.81620025634766,82.84609985351562,0.0,2117.699951171875,2119.800048828125,2080.699951171875,2083.60009765625,805.0,78.73999786376953,80.41000366210938,78.55999755859375,80.13999938964844,347214.0,13.489999771118164,13.579999923706055,13.319999694824219,13.489999771118164,0.0,47456.1015625,47529.6015625,47191.6484375,47318.5,158100.0
2024-03-05 05:30:00+05:30,5078.64990234375,5114.5400390625,5056.81982421875,5110.52001953125,4418410000.0,82.9104995727539,82.9926986694336,82.6980972290039,82.9104995727539,0.0,2133.5,2133.5,2111.39990234375,2114.89990234375,1287.0,78.1500015258789,79.48999786376953,77.5199966430664,78.73999786376953,436521.0,14.460000038146973,15.100000381469727,13.75,13.75,0.0,47581.0,47737.8515625,47196.75,47265.69921875,176900.0
2024-03-06 05:30:00+05:30,5104.759765625,5127.97021484375,5092.22021484375,5108.02978515625,4559050000.0,82.88480377197266,82.91069793701172,82.79900360107422,82.88480377197266,0.0,2150.300048828125,2150.300048828125,2125.5,2125.5,443.0,79.12999725341797,80.66999816894531,77.98999786376953,78.1500015258789,371049.0,14.5,14.930000305175781,13.890000343322754,14.270000457763672,0.0,47965.3984375,48161.25,47442.25,47451.6484375,301700.0
2024-03-07 05:30:00+05:30,5157.35986328125,5165.6201171875,5128.2099609375,5132.3798828125,4137980000.0,82.81909942626953,82.85810089111328,82.65899658203125,82.81909942626953,0.0,2158.0,2163.0,2147.0,2147.0,152.0,78.93000030517578,79.52999877929688,78.0199966430664,79.12999725341797,432923.0,14.4399995803833,14.979999542236328,14.25,14.979999542236328,0.0,47835.80078125,48071.69921875,47747.19921875,48035.80078125,146300.0
2024-03-08 05:30:00+05:30,5123.68994140625,5189.259765625,5117.5,5164.4599609375,4208870000.0,82.7522964477539,82.7916030883789,82.66600036621094,82.7522964477539,0.0,2178.60009765625,2194.89990234375,2166.300048828125,2167.300048828125,259.0,78.01000213623047,79.98999786376953,77.55999755859375,79.51000213623047,347533.0,14.739999771118164,15.529999732971191,13.970000267028809,14.220000267028809,0.0,47835.80078125,48071.69921875,47747.19921875,48035.80078125,146300.0
2024-03-11 05:30:00+05:30,5117.93994140625,5124.66015625,5091.14013671875,5111.9599609375,3896430000.0,82.7520980834961,82.77100372314453,82.66000366210938,82.7520980834961,0.0,2182.5,2184.0,2177.199951171875,2181.0,738.0,77.93000030517578,78.47000122070312,76.79000091552734,77.80000305175781,329873.0,15.220000267028809,16.040000915527344,15.130000114440918,15.510000228881836,0.0,47327.8515625,47853.80078125,47230.6484375,47792.19921875,204200.0
2024-03-12 05:30:00+05:30,5175.27001953125,5179.8701171875,5114.47998046875,5134.2998046875,4080510000.0,82.7782974243164,82.84829711914062,82.7301025390625,82.7782974243164,0.0,2160.39990234375,2182.699951171875,2160.39990234375,2182.5,550.0,77.55999755859375,78.7300033569336,77.33999633789062,78.08999633789062,309922.0,13.84000015258789,15.199999809265137,13.8100004196167,14.970000267028809,0.0,47282.3984375,47812.75,46884.44921875,47351.3515625,207200.0
2024-03-13 05:30:00+05:30,5165.31005859375,5179.14013671875,5151.8798828125,5173.490234375,4282890000.0,82.83509826660156,82.91310119628906,82.7583999633789,82.83509826660156,0.0,2175.39990234375,2175.39990234375,2162.5,2162.5,20.0,79.72000122070312,79.9000015258789,77.56999969482422,78.05999755859375,316390.0,13.75,14.039999961853027,13.670000076293945,13.890000343322754,0.0,46981.30078125,47468.69921875,46842.1484375,47341.1484375,274600.0
2024-03-14 05:30:00+05:30,5150.47998046875,5176.85009765625,5123.2998046875,5175.14013671875,4687970000.0,82.83110046386719,82.95030212402344,82.80699920654297,82.83110046386719,0.0,2163.0,2163.0,2162.300048828125,2163.0,515.0,81.26000213623047,81.62000274658203,79.56999969482422,79.62999725341797,297450.0,14.399999618530273,15.329999923706055,13.420000076293945,13.619999885559082,0.0,46789.94921875,47231.5,46565.55078125,46825.75,220400.0
2024-03-15 05:30:00+05:30,5117.08984375,5136.85986328125,5104.35009765625,5123.31005859375,7753670000.0,82.9655990600586,82.97540283203125,82.83399963378906,82.9655990600586,0.0,2157.300048828125,2161.699951171875,2157.300048828125,2161.699951171875,100.0,81.04000091552734,81.44999694824219,80.48999786376953,81.13999938964844,185078.0,14.40999984741211,15.529999732971191,14.140000343322754,14.329999923706055,0.0,46594.1015625,46802.55078125,46310.5,46572.1015625,339300.0
2024-03-18 05:30:00+05:30,5149.419921875,5175.60009765625,5145.47021484375,5154.77001953125,4036220000.0,82.88890075683594,82.9281005859375,82.83300018310547,82.88890075683594,0.0,2160.699951171875,2160.699951171875,2146.199951171875,2146.199951171875,21.0,82.72000122070312,83.08999633789062,81.01000213623047,81.02999877929688,84718.0,14.329999923706055,14.850000381469727,14.260000228881836,14.75,0.0,46575.8984375,46739.25,46022.1484375,46458.75,151300.0
2024-03-19 05:30:00+05:30,5178.509765625,5180.31005859375,5131.58984375,5139.08984375,4031760000.0,82.86360168457031,83.04570007324219,82.86399841308594,82.86360168457031,0.0,2156.300048828125,2156.300048828125,2156.10009765625,2156.10009765625,12.0,83.47000122070312,83.8499984741211,82.38999938964844,82.8499984741211,76814.0,13.819999694824219,14.859999656677246,13.800000190734863,14.5,0.0,46384.80078125,46602.3515625,46258.75,46421.8984375,147100.0
2024-03-20 05:30:00+05:30,5224.6201171875,5226.18994140625,5171.5498046875,5181.68994140625,4064850000.0,83.04239654541016,83.220703125,82.96099853515625,83.04239654541016,0.0,2157.89990234375,2185.89990234375,2150.89990234375,2157.300048828125,17.0,81.68000030517578,83.20999908447266,81.44000244140625,83.19999694824219,351161.0,13.039999961853027,14.170000076293945,13.010000228881836,13.829999923706055,0.0,46310.8984375,46655.55078125,45828.80078125,46392.8984375,210400.0
2024-03-21 05:30:00+05:30,5241.52978515625,5261.10009765625,5240.66015625,5253.43017578125,4207730000.0,83.05460357666016,83.22160339355469,82.8936996459961,83.05460357666016,0.0,2182.39990234375,2211.60009765625,2182.39990234375,2207.0,63.0,81.06999969482422,81.91999816894531,80.30000305175781,81.48999786376953,266860.0,12.920000076293945,13.079999923706055,12.399999618530273,12.979999542236328,0.0,46684.8984375,46990.25,46570.1484375,46674.8515625,150400.0
2024-03-22 05:30:00+05:30,5234.18017578125,5246.08984375,5229.8701171875,5242.47998046875,3374700000.0,83.22660064697266,83.7156982421875,83.18190002441406,83.22660064697266,0.0,2158.10009765625,2179.60009765625,2157.5,2179.199951171875,19.0,80.62999725341797,81.44999694824219,80.41999816894531,80.83999633789062,231101.0,13.0600004196167,13.149999618530273,12.579999923706055,12.920000076293945,0.0,46863.75,46974.1484375,46566.80078125,46634.8984375,172200.0
2024-03-25 05:30:00+05:30,5218.18994140625,5229.08984375,5216.08984375,5219.52001953125,3331360000.0,83.59359741210938,83.60070037841797,83.35230255126953,83.59359741210938,0.0,2174.800048828125,2179.39990234375,2166.199951171875,2166.199951171875,79.0,81.94999694824219,82.4800033569336,80.58999633789062,80.8499984741211,300360.0,13.1899995803833,13.670000076293945,13.109999656677246,13.670000076293945,0.0,46863.75,46974.1484375,46566.80078125,46634.8984375,172200.0
2024-03-26 05:30:00+05:30,5203.580078125,5235.16015625,5203.419921875,5228.85009765625,3871790000.0,83.41739654541016,83.49629974365234,83.26750183105469,83.41739654541016,0.0,2175.60009765625,2182.699951171875,2175.60009765625,2182.699951171875,202373.0,81.62000274658203,82.36000061035156,81.22000122070312,81.94000244140625,235845.0,13.239999771118164,13.430000305175781,12.84000015258789,13.119999885559082,0.0,46600.19921875,46788.3515625,46529.05078125,46552.94921875,171700.0
2024-03-27 05:30:00+05:30,5248.490234375,5249.259765625,5213.919921875,5226.31005859375,3850500000.0,83.34549713134766,83.43589782714844,83.28970336914062,83.34549713134766,0.0,2190.60009765625,2196.199951171875,2172.10009765625,2179.39990234375,31200.0,81.3499984741211,81.73999786376953,80.55000305175781,81.29000091552734,249964.0,12.779999732971191,13.34000015258789,12.65999984741211,13.130000114440918,0.0,46785.94921875,46956.1015625,46643.44921875,46643.44921875,285100.0
2024-03-28 05:30:00+05:30,5254.35009765625,5264.85009765625,5245.81982421875,5248.02978515625,3998270000.0,83.36499786376953,83.41529846191406,83.30979919433594,83.36499786376953,0.0,2217.39990234375,2234.10009765625,2187.10009765625,2193.60009765625,2040.0,83.16999816894531,83.20999908447266,81.5199966430664,81.70999908447266,293774.0,13.010000228881836,13.100000381469727,12.84000015258789,12.930000305175781,0.0,47124.6015625,47440.44921875,46827.8515625,46827.8515625,348000.0
2024-03-29 05:30:00+05:30,5254.35009765625,5264.85009765625,5245.81982421875,5248.02978515625,3998270000.0,83.39299774169922,83.39959716796875,83.23259735107422,83.39299774169922,0.0,2217.39990234375,2234.10009765625,2187.10009765625,2193.60009765625,2040.0,83.16999816894531,83.20999908447266,81.5199966430664,81.70999908447266,293774.0,13.010000228881836,13.100000381469727,12.84000015258789,12.930000305175781,0.0,47124.6015625,47440.44921875,46827.8515625,46827.8515625,348000.0
2024-04-01 05:30:00+05:30,5243.77001953125,5263.9501953125,5229.2001953125,5257.97021484375,3325930000.0,83.36479949951172,83.41680145263672,83.23899841308594,83.36479949951172,0.0,2236.5,2264.199951171875,2230.0,2235.699951171875,400.0,83.70999908447266,84.48999786376953,82.5999984741211,83.13999938964844,321059.0,13.649999618530273,14.149999618530273,13.550000190734863,13.609999656677246,0.0,47578.25,47646.80078125,47373.1015625,47391.05078125,134089400.0
2024-04-02 05:30:00+05:30,5205.81005859375,5208.33984375,5184.0498046875,5204.2900390625,3886590000.0,83.40969848632812,83.47440338134766,83.33399963378906,83.40969848632812,0.0,2261.0,2279.199951171875,2247.60009765625,2252.0,435.0,85.1500015258789,85.5,83.8499984741211,84.04000091552734,344040.0,14.609999656677246,15.430000305175781,13.680000305175781,13.739999771118164,0.0,47545.44921875,47707.3515625,47408.55078125,47490.75,183400.0
2024-04-03 05:30:00+05:30,5211.490234375,5228.75,5194.3701171875,5194.3701171875,3703250000.0,83.35030364990234,83.5802993774414,83.33200073242188,83.35030364990234,0.0,2294.39990234375,2298.800048828125,2267.89990234375,2281.699951171875,285.0,85.43000030517578,86.19999694824219,84.8499984741211,85.45999908447266,322549.0,14.329999923706055,15.180000305175781,14.25,15.0,0.0,47624.25,47676.94921875,47279.80078125,47350.25,283800.0
2024-04-04 05:30:00+05:30,5147.2099609375,5256.58984375,5146.06005859375,5244.0498046875,4075680000.0,83.37329864501953,83.51349639892578,83.36000061035156,83.37329864501953,0.0,2288.800048828125,2302.89990234375,2280.0,2301.699951171875,251.0,86.58999633789062,87.22000122070312,84.63999938964844,85.66000366210938,359534.0,16.350000381469727,16.920000076293945,13.739999771118164,14.289999961853027,0.0,48060.80078125,48254.6484375,47712.69921875,48086.19921875,324300.0
2024-04-05 05:30:00+05:30,5204.33984375,5222.18017578125,5157.2099609375,5158.9501953125,3386780000.0,83.47779846191406,83.4813003540039,83.2490005493164,83.47779846191406,0.0,2325.699951171875,2328.39990234375,2267.39990234375,2289.199951171875,344.0,86.91000366210938,87.62999725341797,86.31999969482422,86.86000061035156,353206.0,16.030000686645508,16.75,15.529999732971191,16.450000762939453,0.0,48493.05078125,48557.3984375,47894.5,48104.6484375,214300.0
2024-04-08 05:30:00+05:30,5202.39013671875,5219.56982421875,5197.35009765625,5211.3701171875,3278180000.0,83.29679870605469,83.33609771728516,83.23269653320312,83.29679870605469,0.0,2331.699951171875,2341.800048828125,2319.0,2325.60009765625,202.0,86.43000030517578,87.0999984741211,84.69000244140625,86.0999984741211,393734.0,15.1899995803833,16.5,15.109999656677246,16.239999771118164,0.0,48581.69921875,48716.94921875,48424.6484375,48586.75,263400.0
2024-04-09 05:30:00+05:30,5209.91015625,5224.81005859375,5160.77978515625,5217.02978515625,3400680000.0,83.26959991455078,83.33740234375,83.17330169677734,83.26959991455078,0.0,2343.5,2364.699951171875,2337.800048828125,2337.800048828125,211.0,85.2300033569336,86.9800033569336,85.08999633789062,86.58999633789062,314994.0,14.979999542236328,16.6299991607666,14.9399995803833,15.34000015258789,0.0,48730.55078125,48960.75,48568.25,48810.80078125,147600.0
2024-04-10 05:30:00+05:30,5160.64013671875,5178.43017578125,5138.7001953125,5167.8798828125,3845930000.0,83.22429656982422,83.40139770507812,83.15499877929688,83.22429656982422,0.0,2329.60009765625,2358.10009765625,2327.699951171875,2346.60009765625,377.0,86.20999908447266,86.37999725341797,84.55000305175781,85.33999633789062,373939.0,15.800000190734863,16.6200008392334,14.59000015258789,15.239999771118164,0.0,48986.6015625,49057.3984375,48669.25,48879.55078125,247100.0
2024-04-11 05:30:00+05:30,5199.06005859375,5211.77978515625,5138.77001953125,5172.9501953125,3509380000.0,83.4126968383789,83.47309875488281,83.30239868164062,83.4126968383789,0.0,2354.800048828125,2376.300048828125,2330.60009765625,2341.5,283.0,85.0199966430664,86.62999725341797,84.83999633789062,86.31999969482422,388128.0,14.90999984741211,17.610000610351562,14.90999984741211,16.020000457763672,0.0,48986.6015625,49057.3984375,48669.25,48879.55078125,247100.0
2024-04-12 05:30:00+05:30,5123.41015625,5175.02978515625,5107.93994140625,5171.509765625,3963220000.0,83.34929656982422,83.61589813232422,83.25420379638672,83.34929656982422,0.0,2356.199951171875,2429.0,2334.300048828125,2377.300048828125,584.0,85.66000366210938,87.66999816894531,85.23999786376953,85.5999984741211,369958.0,17.309999465942383,19.200000762939453,14.90999984741211,14.90999984741211,0.0,48564.55078125,48882.6484375,48477.55078125,48671.19921875,208000.0
2024-04-15 05:30:00+05:30,5061.81982421875,5168.43017578125,5052.47021484375,5149.669921875,3950210000.0,83.61109924316406,83.61150360107422,83.41739654541016,83.61109924316406,0.0,2365.800048828125,2384.699951171875,2326.0,2362.10009765625,1801.0,85.41000366210938,86.11000061035156,84.05000305175781,85.93000030517578,343894.0,19.229999542236328,19.459999084472656,16.260000228881836,16.940000534057617,0.0,47773.25,48255.5,47725.80078125,48057.5,197100.0
2024-04-16 05:30:00+05:30,5051.41015625,5079.83984375,5039.830078125,5064.58984375,4006200000.0,83.50599670410156,83.6968002319336,83.21189880371094,83.50599670410156,0.0,2390.800048828125,2390.800048828125,2371.39990234375,2384.0,41.0,85.36000061035156,86.18000030517578,84.75,85.69999694824219,241343.0,18.399999618530273,19.559999465942383,17.639999389648438,19.489999771118164,0.0,47484.80078125,47609.0,47316.55078125,47436.69921875,186100.0
2024-04-17 05:30:00+05:30,5022.2099609375,5077.9599609375,5007.25,5068.97021484375,3596130000.0,83.6675033569336,83.73500061035156,83.57740020751953,83.6675033569336,0.0,2371.699951171875,2391.39990234375,2369.300048828125,2384.199951171875,37.0,82.69000244140625,85.51000213623047,82.55000305175781,85.36000061035156,259540.0,18.209999084472656,19.110000610351562,17.540000915527344,18.239999771118164,0.0,47484.80078125,47609.0,47316.55078125,47436.69921875,186100.0
2024-04-18 05:30:00+05:30,5011.1201171875,5056.66015625,5001.89013671875,5031.52001953125,3619760000.0,83.5958023071289,83.61419677734375,83.48480224609375,83.5958023071289,0.0,2382.300048828125,2384.39990234375,2368.39990234375,2368.39990234375,128.0,82.7300033569336,83.47000122070312,81.55999755859375,82.79000091552734,84468.0,18.0,18.3700008392334,17.209999084472656,17.90999984741211,0.0,47069.44921875,47829.75,46982.1484375,47592.69921875,186400.0
2024-04-19 05:30:00+05:30,4967.22998046875,5019.02001953125,4953.56005859375,5005.43994140625,3878750000.0,83.54499816894531,83.7396011352539,83.36499786376953,83.54499816894531,0.0,2398.39990234375,2399.800048828125,2377.300048828125,2379.300048828125,160.0,83.13999938964844,86.27999877929688,81.80000305175781,82.62000274658203,76901.0,18.709999084472656,21.360000610351562,18.170000076293945,21.329999923706055,0.0,47574.1484375,47668.69921875,46579.05078125,46744.94921875,164600.0
2024-04-22 05:30:00+05:30,5010.60009765625,5038.83984375,4969.39990234375,4987.330078125,3820250000.0,83.38529968261719,83.44629669189453,83.32160186767578,83.38529968261719,0.0,2332.199951171875,2383.300048828125,2326.89990234375,2383.300048828125,53.0,82.8499984741211,83.3499984741211,81.8499984741211,83.05000305175781,313914.0,16.940000534057617,18.719999313354492,16.690000534057617,18.59000015258789,0.0,47924.8984375,48146.30078125,47628.44921875,48145.69921875,177700.0
2024-04-23 05:30:00+05:30,5070.5498046875,5076.1201171875,5027.9599609375,5028.85009765625,3751400000.0,83.38619995117188,83.38999938964844,83.22810363769531,83.38619995117188,0.0,2327.699951171875,2330.800048828125,2294.199951171875,2327.699951171875,171.0,83.36000061035156,83.43000030517578,80.87999725341797,82.12999725341797,355814.0,15.6899995803833,16.760000228881836,15.6899995803833,16.719999313354492,0.0,47970.44921875,48302.69921875,47899.30078125,48299.6015625,141100.0
2024-04-24 05:30:00+05:30,5071.6298828125,5089.47998046875,5047.02001953125,5084.85986328125,3656740000.0,83.2833023071289,83.34960174560547,83.25910186767578,83.2833023071289,0.0,2324.5,2328.699951171875,2314.60009765625,2321.300048828125,95.0,82.80999755859375,83.70999908447266,82.44000244140625,83.4000015258789,329077.0,15.970000267028809,16.3799991607666,15.579999923706055,15.760000228881836,0.0,48189.0,48246.19921875,48028.69921875,48120.8984375,112200.0
2024-04-25 05:30:00+05:30,5048.419921875,5057.75,4990.580078125,5019.8798828125,3958050000.0,83.3405990600586,83.39600372314453,83.268798828125,83.3405990600586,0.0,2329.800048828125,2329.800048828125,2305.0,2315.0,1024.0,83.56999969482422,83.83000183105469,81.98999786376953,82.83000183105469,314116.0,15.369999885559082,17.549999237060547,15.270000457763672,16.25,0.0,48494.94921875,48625.44921875,47737.19921875,47772.6484375,337400.0
2024-04-26 05:30:00+05:30,5099.9599609375,5114.6201171875,5073.14013671875,5084.64990234375,3604140000.0,83.30180358886719,83.41529846191406,83.26499938964844,83.30180358886719,0.0,2334.800048828125,2347.89990234375,2332.800048828125,2347.89990234375,717.0,83.8499984741211,84.45999908447266,83.3499984741211,83.80999755859375,244090.0,15.029999732971191,16.059999465942383,14.920000076293945,15.489999771118164,0.0,48201.05078125,48679.6484375,48088.25,48660.0,208100.0
2024-04-29 05:30:00+05:30,5116.169921875,5123.490234375,5088.64990234375,5114.1298828125,3447450000.0,83.40229797363281,83.57350158691406,83.29830169677734,83.40229797363281,0.0,2345.39990234375,2345.5,2327.89990234375,2334.800048828125,405.0,82.62999725341797,83.91000366210938,82.4000015258789,83.69000244140625,336984.0,14.670000076293945,15.420000076293945,14.630000114440918,15.369999885559082,0.0,49424.05078125,49473.6015625,48342.69921875,48359.8984375,327100.0
2024-04-30 05:30:00+05:30,5035.68994140625,5110.830078125,5035.31005859375,5103.77978515625,4082470000.0,83.45110321044922,83.51969909667969,83.39800262451172,83.45110321044922,0.0,2291.39990234375,2322.5,2291.39990234375,2322.5,113.0,81.93000030517578,83.30000305175781,80.94999694824219,82.76000213623047,400680.0,15.649999618530273,15.899999618530273,14.670000076293945,14.819999694824219,0.0,49396.75,49974.75,49249.8984375,49477.1015625,402900.0
2024-05-01 05:30:00+05:30,5018.39013671875,5096.1201171875,5013.4501953125,5029.02978515625,4544170000.0,83.49839782714844,83.57140350341797,83.26010131835938,83.49839782714844,0.0,2299.89990234375,2327.300048828125,2283.800048828125,2287.699951171875,42.0,79.0,81.56999969482422,78.83000183105469,81.4800033569336,441978.0,15.390000343322754,16.219999313354492,14.350000381469727,15.75,0.0,49396.75,49974.75,49249.8984375,49477.1015625,402900.0
2024-05-02 05:30:00+05:30,5064.2001953125,5073.2099609375,5011.0498046875,5049.31982421875,4381660000.0,83.40640258789062,83.4885025024414,83.40640258789062,83.40640258789062,0.0,2299.199951171875,2324.699951171875,2292.300048828125,2321.699951171875,56.0,78.94999694824219,79.9000015258789,78.41000366210938,79.1500015258789,359652.0,14.680000305175781,16.09000015258789,14.600000381469727,15.140000343322754,0.0,49231.05078125,49529.3515625,49123.6015625,49262.0,291900.0
2024-05-03 05:30:00+05:30,5127.7900390625,5139.1201171875,5101.22021484375,5122.77978515625,3924990000.0,83.40630340576172,83.46939849853516,83.30359649658203,83.40630340576172,0.0,2299.0,2301.0,2277.60009765625,2300.0,194.0,78.11000061035156,79.62999725341797,77.95999908447266,79.06999969482422,324438.0,13.489999771118164,14.579999923706055,13.479999542236328,14.510000228881836,0.0,48923.55078125,49607.75,48659.69921875,49375.05078125,223000.0
2024-05-06 05:30:00+05:30,5180.740234375,5181.0,5142.419921875,5142.419921875,3683250000.0,83.37999725341797,83.59940338134766,83.29910278320312,83.37999725341797,0.0,2321.60009765625,2325.5,2314.199951171875,2322.800048828125,9.0,78.4800033569336,79.08999633789062,77.91000366210938,78.16000366210938,297369.0,13.489999771118164,14.020000457763672,13.4399995803833,13.979999542236328,0.0,48895.30078125,49252.6484375,48784.0,49174.55078125,340200.0
2024-05-07 05:30:00+05:30,5187.7001953125,5200.22998046875,5178.9599609375,5187.2001953125,3987890000.0,83.4728012084961,83.51499938964844,83.42900085449219,83.4728012084961,0.0,2315.199951171875,2324.300048828125,2315.199951171875,2324.300048828125,25.0,78.37999725341797,79.16999816894531,77.55000305175781,78.72000122070312,327593.0,13.229999542236328,13.640000343322754,13.15999984741211,13.520000457763672,0.0,48285.3515625,49023.5,48213.75,48965.05078125,230300.0
2024-05-08 05:30:00+05:30,5187.669921875,5191.9501953125,5165.85986328125,5168.97998046875,3842100000.0,83.46990203857422,83.53589630126953,83.45500183105469,83.46990203857422,0.0,2313.60009765625,2313.60009765625,2313.60009765625,2313.60009765625,4.0,78.98999786376953,79.2699966430664,76.88999938964844,78.33999633789062,355449.0,13.0,13.510000228881836,12.9399995803833,13.239999771118164,0.0,48021.1015625,48223.05078125,47851.1484375,48124.19921875,286000.0
2024-05-09 05:30:00+05:30,5214.080078125,5215.2998046875,5180.41015625,5189.02978515625,3727370000.0,83.46430206298828,83.51110076904297,83.43800354003906,83.46430206298828,0.0,2332.10009765625,2339.5,2310.699951171875,2310.699951171875,5.0,79.26000213623047,79.80000305175781,78.91000366210938,79.2300033569336,272712.0,12.6899995803833,13.289999961853027,12.680000305175781,13.079999923706055,0.0,47487.8984375,48258.6484375,47440.6484375,47976.3515625,272900.0
2024-05-10 05:30:00+05:30,5222.68017578125,5239.66015625,5209.68017578125,5225.490234375,3617900000.0,83.45939636230469,83.57389831542969,83.4489974975586,83.45939636230469,0.0,2367.300048828125,2367.300048828125,2367.300048828125,2367.300048828125,126.0,78.26000213623047,79.95999908447266,78.13999938964844,79.58999633789062,281169.0,12.550000190734863,12.960000038146973,12.5,12.770000457763672,0.0,47421.1015625,47868.69921875,47313.3515625,47555.5,218900.0
2024-05-13 05:30:00+05:30,5221.419921875,5237.259765625,5211.16015625,5233.080078125,4255710000.0,83.5248031616211,83.60880279541016,83.48200225830078,83.5248031616211,0.0,2336.10009765625,2358.300048828125,2336.10009765625,2358.300048828125,14.0,79.12000274658203,79.48999786376953,77.77999877929688,78.18000030517578,287701.0,13.600000381469727,13.65999984741211,13.25,13.260000228881836,0.0,47754.1015625,47841.6015625,46983.25,47389.80078125,220900.0
2024-05-14 05:30:00+05:30,5246.68017578125,5250.3701171875,5217.97998046875,5221.10009765625,4763580000.0,83.50550079345703,83.53150177001953,83.48100280761719,83.50550079345703,0.0,2353.39990234375,2358.0,2336.0,2336.0,6.0,78.0199966430664,79.37999725341797,77.68000030517578,79.2300033569336,307410.0,13.420000076293945,14.029999732971191,13.270000457763672,13.710000038146973,0.0,47859.44921875,47937.25,47607.8515625,47748.8515625,152000.0
2024-05-15 05:30:00+05:30,5308.14990234375,5311.759765625,5263.259765625,5263.259765625,4360810000.0,83.52420043945312,83.59290313720703,83.42500305175781,83.52420043945312,0.0,2388.699951171875,2388.699951171875,2356.0,2361.60009765625,29.0,78.62999725341797,78.91999816894531,76.69999694824219,78.44000244140625,321267.0,12.449999809265137,13.9399995803833,12.380000114440918,13.729999542236328,0.0,47687.44921875,47957.19921875,47534.5,47923.1015625,188800.0
2024-05-16 05:30:00+05:30,5297.10009765625,5325.490234375,5296.18994140625,5310.06982421875,3817470000.0,83.40509796142578,83.50589752197266,83.36499786376953,83.40509796142578,0.0,2380.0,2392.199951171875,2380.0,2389.5,7.0,79.2300033569336,79.8499984741211,78.19999694824219,78.83999633789062,230277.0,12.420000076293945,12.670000076293945,12.329999923706055,12.520000457763672,0.0,47977.05078125,48052.8984375,47340.3515625,47945.8515625,219900.0
2024-05-17 05:30:00+05:30,5303.27001953125,5305.4501953125,5283.58984375,5303.10009765625,3578120000.0,83.47010040283203,83.50650024414062,83.28410339355469,83.47010040283203,0.0,2412.199951171875,2415.800048828125,2380.699951171875,2380.699951171875,213.0,80.05999755859375,80.13999938964844,79.0,79.37999725341797,94152.0,11.989999771118164,12.479999542236328,11.90999984741211,12.279999732971191,0.0,48115.6484375,48188.6484375,47758.80078125,47842.94921875,143800.0
2024-05-20 05:30:00+05:30,5308.1298828125,5325.31982421875,5302.39990234375,5305.35009765625,3420100000.0,83.30039978027344,83.31659698486328,83.23049926757812,83.30039978027344,0.0,2433.89990234375,2435.800048828125,2409.699951171875,2415.800048828125,40.0,79.80000305175781,80.5999984741211,79.16999816894531,80.01000213623047,85072.0,12.149999618530273,12.59000015258789,12.069999694824219,12.270000457763672,0.0,48115.6484375,48188.6484375,47758.80078125,47842.94921875,143800.0
2024-05-21 05:30:00+05:30,5321.41015625,5324.31982421875,5297.8701171875,5298.68994140625,3662240000.0,83.31500244140625,83.35890197753906,83.23590087890625,83.31500244140625,0.0,2421.699951171875,2429.5,2421.0,2429.5,6.0,79.26000213623047,79.72000122070312,78.08000183105469,79.69999694824219,371672.0,11.859999656677246,12.5600004196167,11.84000015258789,12.300000190734863,0.0,48048.19921875,48259.75,47927.1015625,47927.1015625,166800.0
2024-05-22 05:30:00+05:30,5307.009765625,5323.18017578125,5286.009765625,5319.27978515625,3847130000.0,83.31680297851562,83.37950134277344,83.21399688720703,83.31680297851562,0.0,2389.199951171875,2417.60009765625,2375.800048828125,2417.5,180.0,77.56999969482422,78.41000366210938,77.25,78.20999908447266,314145.0,12.289999961853027,12.8100004196167,11.779999732971191,12.050000190734863,0.0,47781.94921875,48114.05078125,47435.25,48113.8984375,204900.0
2024-05-23 05:30:00+05:30,5267.83984375,5341.8798828125,5256.93017578125,5340.259765625,3869520000.0,83.26709747314453,83.30940246582031,83.19200134277344,83.26709747314453,0.0,2335.0,2371.199951171875,2335.0,2371.199951171875,365.0,76.87000274658203,78.66000366210938,76.43000030517578,77.29000091552734,330273.0,12.770000457763672,13.369999885559082,11.520000457763672,11.529999732971191,0.0,48768.6015625,48829.69921875,47873.1484375,47899.3515625,184500.0
2024-05-24 05:30:00+05:30,5304.72021484375,5311.64990234375,5278.39013671875,5281.4501953125,3005510000.0,83.2863998413086,83.3738021850586,83.03140258789062,83.2863998413086,0.0,2332.5,2345.39990234375,2332.5,2342.60009765625,25.0,77.72000122070312,78.05000305175781,76.1500015258789,77.04000091552734,299075.0,11.930000305175781,12.890000343322754,11.890000343322754,12.859999656677246,0.0,48971.6484375,49052.94921875,48644.80078125,48668.0,135000.0
2024-05-27 05:30:00+05:30,5304.72021484375,5311.64990234375,5278.39013671875,5281.4501953125,3005510000.0,83.05220031738281,83.19339752197266,83.03720092773438,83.05220031738281,0.0,2332.5,2345.39990234375,2332.5,2342.60009765625,25.0,77.72000122070312,78.05000305175781,76.1500015258789,77.04000091552734,299075.0,11.930000305175781,12.890000343322754,11.890000343322754,12.859999656677246,0.0,49281.80078125,49688.8515625,49051.25,49105.8984375,226500.0
2024-05-28 05:30:00+05:30,5306.0400390625,5315.91015625,5280.89013671875,5315.91015625,3751540000.0,83.14569854736328,83.22730255126953,83.08799743652344,83.14569854736328,0.0,2355.199951171875,2359.699951171875,2336.89990234375,2336.89990234375,26.0,79.83000183105469,80.29000091552734,77.69000244140625,77.80999755859375,334074.0,12.920000076293945,13.4399995803833,12.359999656677246,12.510000228881836,0.0,49142.1484375,49511.1484375,49043.6484375,49390.8984375,155200.0
2024-05-29 05:30:00+05:30,5266.9501953125,5282.27001953125,5262.7001953125,5278.72998046875,3552750000.0,83.20649719238281,83.40589904785156,83.14630126953125,83.20649719238281,0.0,2340.300048828125,2340.300048828125,2340.300048828125,2340.300048828125,119317.0,79.2300033569336,80.62000274658203,78.98999786376953,80.26000213623047,259594.0,14.279999732971191,14.319999694824219,13.6899995803833,13.75,0.0,48501.3515625,49022.6015625,48401.55078125,48786.69921875,183600.0
2024-05-30 05:30:00+05:30,5235.47998046875,5260.2099609375,5222.10009765625,5259.77001953125,3818750000.0,83.3656005859375,83.43499755859375,83.21630096435547,83.3656005859375,0.0,2342.89990234375,2349.5,2320.800048828125,2336.89990234375,32587.0,77.91000366210938,79.41999816894531,77.62999725341797,79.27999877929688,373779.0,14.470000267028809,14.880000114440918,13.670000076293945,14.819999694824219,0.0,48682.3515625,49044.6015625,48313.6015625,48313.6015625,151000.0
2024-05-31 05:30:00+05:30,5277.509765625,5280.330078125,5191.68017578125,5243.2099609375,5437160000.0,83.3208999633789,83.49400329589844,83.21099853515625,83.3208999633789,0.0,2322.89990234375,2354.0,2319.0,2344.10009765625,941.0,76.98999786376953,78.62000274658203,76.66999816894531,77.91000366210938,345120.0,12.920000076293945,14.869999885559082,12.84000015258789,14.5,0.0,48983.94921875,49122.55078125,48569.05078125,48895.1484375,303600.0
2024-06-03 05:30:00+05:30,5283.39990234375,5302.10986328125,5234.31982421875,5297.14990234375,4046920000.0,83.45079803466797,83.45110321044922,82.9801025390625,83.45079803466797,0.0,2346.60009765625,2347.5,2312.0,2322.60009765625,781.0,74.22000122070312,77.5199966430664,73.9800033569336,76.97000122070312,443271.0,13.109999656677246,14.3100004196167,13.0,13.079999923706055,0.0,50979.94921875,51133.19921875,50092.6484375,50889.8515625,453200.0
2024-06-04 05:30:00+05:30,5291.33984375,5298.7998046875,5257.6298828125,5278.240234375,3707900000.0,83.09339904785156,83.67030334472656,83.08049774169922,83.09339904785156,0.0,2325.5,2347.699951171875,2313.89990234375,2347.5,890.0,73.25,74.12999725341797,72.4800033569336,74.0199966430664,408721.0,13.15999984741211,14.079999923706055,13.109999656677246,13.510000228881836,0.0,46928.6015625,50667.05078125,46077.8515625,50667.05078125,653100.0
2024-06-05 05:30:00+05:30,5354.02978515625,5354.16015625,5297.64013671875,5314.47998046875,3591460000.0,83.62940216064453,85.18599700927734,83.22119903564453,83.62940216064453,0.0,2354.10009765625,2354.300048828125,2326.199951171875,2326.39990234375,295.0,74.06999969482422,74.33000183105469,72.81999969482422,72.9000015258789,307701.0,12.630000114440918,13.25,12.600000381469727,13.140000343322754,0.0,49054.6015625,49362.8984375,46446.80078125,47486.6015625,546800.0
2024-06-06 05:30:00+05:30,5352.9599609375,5362.35009765625,5335.35986328125,5357.7998046875,3609990000.0,83.38079833984375,83.52159881591797,83.34049987792969,83.38079833984375,0.0,2370.300048828125,2375.800048828125,2355.0,2355.0,179.0,75.55000305175781,75.79000091552734,74.05999755859375,74.30000305175781,291082.0,12.579999923706055,12.979999542236328,12.539999961853027,12.75,0.0,49291.8984375,49672.75,48906.75,49426.3984375,250400.0
2024-06-07 05:30:00+05:30,5346.990234375,5375.080078125,5331.330078125,5343.81005859375,3692760000.0,83.47309875488281,83.51139831542969,83.28600311279297,83.47309875488281,0.0,2305.199951171875,2385.10009765625,2285.39990234375,2379.89990234375,269.0,75.52999877929688,76.25,75.20999908447266,75.66999816894531,280253.0,12.220000267028809,13.079999923706055,12.109999656677246,12.6899995803833,0.0,49803.19921875,49943.19921875,49080.44921875,49316.94921875,170300.0
2024-06-10 05:30:00+05:30,5360.7900390625,5365.7900390625,5331.52001953125,5341.22021484375,3622280000.0,83.52760314941406,83.5884017944336,83.4749984741211,83.52760314941406,0.0,2307.699951171875,2309.300048828125,2290.5,2290.60009765625,69.0,77.73999786376953,78.29000091552734,75.2300033569336,75.3499984741211,317031.0,12.739999771118164,13.279999732971191,12.619999885559082,13.09000015258789,0.0,49780.8984375,50252.94921875,49622.75,49808.1484375,195800.0
2024-06-11 05:30:00+05:30,5375.31982421875,5375.9501953125,5327.25,5353.0,3568030000.0,83.52980041503906,83.6854019165039,83.4729995727539,83.52980041503906,0.0,2307.5,2314.10009765625,2300.0,2300.0,871.0,77.9000015258789,78.36000061035156,77.22000122070312,78.12000274658203,314874.0,12.850000381469727,13.470000267028809,12.779999732971191,12.850000381469727,0.0,49705.75,49970.30078125,49530.44921875,49751.19921875,128500.0
2024-06-12 05:30:00+05:30,5421.02978515625,5447.25,5409.1298828125,5409.1298828125,3962840000.0,83.5968017578125,83.60430145263672,83.43350219726562,83.5968017578125,0.0,2336.0,2338.699951171875,2310.300048828125,2314.89990234375,132.0,78.5,79.31999969482422,77.87999725341797,78.22000122070312,322285.0,12.039999961853027,13.149999618530273,11.9399995803833,13.100000381469727,0.0,49895.1015625,50233.3984375,49697.3515625,49857.44921875,211700.0
2024-06-13 05:30:00+05:30,5433.740234375,5441.93017578125,5402.509765625,5441.93017578125,3530380000.0,83.5343017578125,83.56159973144531,83.47799682617188,83.5343017578125,0.0,2300.199951171875,2317.699951171875,2296.199951171875,2309.39990234375,298.0,78.62000274658203,78.88999938964844,77.66999816894531,78.37000274658203,307638.0,11.9399995803833,12.680000305175781,11.880000114440918,12.050000190734863,0.0,49846.69921875,50186.44921875,49799.6484375,50179.0,125700.0
2024-06-14 05:30:00+05:30,5431.60009765625,5432.39013671875,5403.75,5424.080078125,3438650000.0,83.52210235595703,83.57109832763672,83.51899719238281,83.52210235595703,0.0,2331.39990234375,2331.39990234375,2305.800048828125,2307.0,948.0,78.44999694824219,79.1500015258789,77.7300033569336,77.95999908447266,245827.0,12.65999984741211,13.449999809265137,12.119999885559082,12.220000267028809,0.0,50002.0,50102.6015625,49693.3515625,49993.94921875,155000.0
2024-06-17 05:30:00+05:30,5473.22998046875,5488.5,5420.39990234375,5431.10986328125,3447840000.0,83.55180358886719,83.62969970703125,83.431396484375,83.55180358886719,0.0,2312.39990234375,2320.199951171875,2309.60009765625,2320.199951171875,110.0,80.33000183105469,80.66000366210938,77.9800033569336,78.4800033569336,126733.0,12.75,13.289999961853027,12.5,13.069999694824219,0.0,50002.0,50102.6015625,49693.3515625,49993.94921875,155000.0
2024-06-18 05:30:00+05:30,5487.02978515625,5490.3798828125,5471.31982421875,5476.14990234375,3544330000.0,83.51010131835938,83.5426025390625,83.30000305175781,83.51010131835938,0.0,2330.39990234375,2330.39990234375,2311.800048828125,2311.800048828125,43.0,81.56999969482422,81.66999816894531,79.7699966430664,80.43000030517578,140709.0,12.300000190734863,12.739999771118164,12.239999771118164,12.699999809265137,0.0,50440.8984375,50562.1484375,49900.19921875,50194.3515625,189200.0
2024-06-19 05:30:00+05:30,5487.02978515625,5490.3798828125,5471.31982421875,5476.14990234375,3544330000.0,83.37409973144531,83.47370147705078,83.33799743652344,83.37409973144531,0.0,2330.39990234375,2330.39990234375,2311.800048828125,2311.800048828125,43.0,81.56999969482422,81.66999816894531,79.7699966430664,80.43000030517578,140709.0,12.300000190734863,12.739999771118164,12.239999771118164,12.699999809265137,0.0,51398.05078125,51957.0,50441.75,50607.8984375,435300.0
2024-06-20 05:30:00+05:30,5473.169921875,5505.52978515625,5455.56005859375,5499.990234375,3847060000.0,83.41950225830078,83.67160034179688,83.40769958496094,83.41950225830078,0.0,2353.800048828125,2354.0,2328.300048828125,2328.89990234375,183.0,82.16999816894531,82.41000366210938,81.12999725341797,81.5199966430664,420499.0,13.279999732971191,13.550000190734863,12.180000305175781,12.5,0.0,51783.25,51842.19921875,51281.5,51712.8984375,235900.0
2024-06-21 05:30:00+05:30,5464.6201171875,5478.31005859375,5452.02978515625,5466.77001953125,6773800000.0,83.60160064697266,83.6270980834961,83.49099731445312,83.60160064697266,0.0,2316.39990234375,2331.199951171875,2316.39990234375,2331.199951171875,76.0,80.7300033569336,81.79000091552734,80.3499984741211,81.2699966430664,290500.0,13.199999809265137,13.779999732971191,12.989999771118164,13.220000267028809,0.0,51661.44921875,51934.3515625,51224.94921875,51927.30078125,289400.0
2024-06-24 05:30:00+05:30,5447.8701171875,5490.66015625,5447.58984375,5459.580078125,3696750000.0,83.5625,83.57369995117188,83.42179870605469,83.5625,0.0,2330.0,2332.89990234375,2322.699951171875,2323.300048828125,99.0,81.62999725341797,81.77999877929688,80.2300033569336,80.44999694824219,271745.0,13.329999923706055,13.880000114440918,13.149999618530273,13.850000381469727,0.0,51703.94921875,51783.94921875,51138.8984375,51280.25,176600.0
2024-06-25 05:30:00+05:30,5469.2998046875,5472.8798828125,5446.56005859375,5460.72998046875,3591960000.0,83.46040344238281,83.49929809570312,83.39790344238281,83.46040344238281,0.0,2316.60009765625,2333.0,2316.60009765625,2324.39990234375,105.0,80.83000183105469,81.9000015258789,80.55000305175781,81.69999694824219,286038.0,12.84000015258789,13.520000457763672,12.84000015258789,13.479999542236328,0.0,52606.0,52746.5,51747.6484375,51759.44921875,204000.0
2024-06-26 05:30:00+05:30,5477.89990234375,5483.14013671875,5451.8701171875,5460.7099609375,3563920000.0,83.41459655761719,83.61360168457031,83.4020004272461,83.41459655761719,0.0,2299.199951171875,2314.39990234375,2298.0,2307.89990234375,986.0,80.9000015258789,81.62999725341797,80.18000030517578,80.72000122070312,308410.0,12.550000190734863,13.239999771118164,12.369999885559082,12.8100004196167,0.0,52870.5,52988.30078125,52373.69921875,52653.19921875,214300.0
2024-06-27 05:30:00+05:30,5482.8701171875,5490.81005859375,5467.5400390625,5473.58984375,3589530000.0,83.58039855957031,83.5886001586914,83.41799926757812,83.58039855957031,0.0,2324.5,2329.0,2295.0,2296.800048828125,1532.0,81.73999786376953,82.04000091552734,80.51000213623047,80.86000061035156,306342.0,12.239999771118164,12.770000457763672,12.210000038146973,12.6899995803833,0.0,52811.30078125,53180.75,52639.0,52980.30078125,332900.0
2024-06-28 05:30:00+05:30,5460.47998046875,5523.64013671875,5451.1201171875,5488.47998046875,7199220000.0,83.45089721679688,83.5083999633789,83.32469940185547,83.45089721679688,0.0,2327.699951171875,2338.300048828125,2319.0,2325.39990234375,92.0,81.54000091552734,82.72000122070312,80.97000122070312,81.86000061035156,260252.0,12.4399995803833,12.760000228881836,11.869999885559082,12.239999771118164,0.0,52342.25,53030.30078125,52242.30078125,52874.94921875,244600.0
2024-07-01 05:30:00+05:30,5475.08984375,5479.5498046875,5446.52978515625,5471.080078125,3488760000.0,83.36750030517578,83.46620178222656,83.35679626464844,83.36750030517578,0.0,2327.60009765625,2329.699951171875,2321.699951171875,2323.800048828125,237.0,83.37999725341797,83.63999938964844,81.37999725341797,81.44999694824219,345780.0,12.220000267028809,13.260000228881836,12.100000381469727,12.979999542236328,0.0,52574.75,52656.1484375,52166.05078125,52351.1484375,0.0
2024-07-02 05:30:00+05:30,5509.009765625,5509.68994140625,5458.43017578125,5461.83984375,3329950000.0,83.44129943847656,83.55850219726562,83.42459869384766,83.44129943847656,0.0,2323.0,2334.60009765625,2323.0,2330.699951171875,30.0,82.80999755859375,84.37999725341797,82.72000122070312,83.43000030517578,367787.0,12.029999732971191,12.880000114440918,11.850000381469727,12.670000076293945,0.0,52168.1015625,52828.44921875,51996.6484375,52793.75,0.0
2024-07-03 05:30:00+05:30,5537.02001953125,5539.27001953125,5507.419921875,5507.43994140625,2179470000.0,83.4791030883789,83.5530014038086,83.44409942626953,83.4791030883789,0.0,2359.800048828125,2361.60009765625,2330.89990234375,2330.89990234375,59.0,83.87999725341797,83.93000030517578,82.45999908447266,83.19999694824219,289685.0,12.09000015258789,12.229999542236328,11.949999809265137,12.130000114440918,0.0,53089.25,53256.69921875,52482.6484375,52872.30078125,0.0
2024-07-04 05:30:00+05:30,5537.02001953125,5539.27001953125,5507.419921875,5507.43994140625,2179470000.0,83.49120330810547,83.55249786376953,83.46520233154297,83.49120330810547,0.0,2359.800048828125,2361.60009765625,2330.89990234375,2330.89990234375,59.0,83.87999725341797,83.93000030517578,82.45999908447266,83.19999694824219,289685.0,12.09000015258789,12.229999542236328,11.949999809265137,12.130000114440918,0.0,53103.69921875,53357.69921875,52815.8984375,53357.69921875,163700.0
2024-07-05 05:30:00+05:30,5567.18994140625,5570.330078125,5531.6298828125,5537.91015625,3253080000.0,83.49340057373047,83.51570129394531,83.46299743652344,83.49340057373047,0.0,2388.5,2388.5,2354.89990234375,2354.89990234375,72.0,83.16000366210938,84.5199966430664,83.0199966430664,83.5999984741211,361357.0,12.479999542236328,12.609999656677246,11.84000015258789,12.369999885559082,0.0,52660.3515625,52817.8515625,52290.05078125,52560.1015625,199600.0
2024-07-08 05:30:00+05:30,5572.85009765625,5583.10986328125,5562.509765625,5572.75,3185670000.0,83.47209930419922,83.50689697265625,83.43930053710938,83.47209930419922,0.0,2355.199951171875,2383.800048828125,2352.800048828125,2381.699951171875,64.0,82.33000183105469,83.31999969482422,82.08000183105469,83.1500015258789,251774.0,12.369999885559082,12.90999984741211,12.3100004196167,12.90999984741211,0.0,52425.80078125,52710.80078125,52246.69921875,52533.1015625,158000.0
2024-07-09 05:30:00+05:30,5576.97998046875,5590.75,5574.56982421875,5584.240234375,3232920000.0,83.45760345458984,83.50980377197266,83.45099639892578,83.45760345458984,0.0,2360.10009765625,2363.699951171875,2360.10009765625,2363.10009765625,9.0,81.41000366210938,82.4800033569336,81.25,82.22000122070312,297325.0,12.510000228881836,12.609999656677246,12.350000381469727,12.479999542236328,0.0,52568.80078125,52626.6015625,52292.94921875,52390.5,145100.0
2024-07-10 05:30:00+05:30,5633.91015625,5635.39013671875,5586.43994140625,5591.259765625,3336100000.0,83.49299621582031,83.52960205078125,83.47200012207031,83.49299621582031,0.0,2372.199951171875,2377.0,2365.800048828125,2366.300048828125,19.0,82.0999984741211,82.66000366210938,80.80999755859375,81.80999755859375,334380.0,12.850000381469727,12.920000076293945,12.390000343322754,12.510000228881836,0.0,52189.30078125,52528.80078125,52075.3984375,52528.80078125,228000.0
2024-07-11 05:30:00+05:30,5584.5400390625,5642.4501953125,5576.52978515625,5635.2099609375,4020950000.0,83.49590301513672,83.58799743652344,83.46600341796875,83.49590301513672,0.0,2415.0,2416.699951171875,2378.699951171875,2378.699951171875,72.0,82.62000274658203,83.12999725341797,81.62999725341797,82.4000015258789,324170.0,12.920000076293945,13.329999923706055,12.229999542236328,12.880000114440918,0.0,52270.6484375,52400.30078125,51749.44921875,52316.8984375,138300.0
2024-07-12 05:30:00+05:30,5615.35009765625,5655.56005859375,5590.43994140625,5590.759765625,3700280000.0,83.51850128173828,83.55650329589844,83.46620178222656,83.51850128173828,0.0,2414.0,2414.0,2391.300048828125,2399.800048828125,355.0,82.20999908447266,83.73999786376953,82.0999984741211,82.86000061035156,370062.0,12.460000038146973,12.890000343322754,12.109999656677246,12.869999885559082,0.0,52278.8984375,52794.55078125,52171.1484375,52272.6484375,171000.0
2024-07-15 05:30:00+05:30,5631.22021484375,5666.93994140625,5614.75,5638.16015625,3620470000.0,83.52030181884766,83.61689758300781,83.35890197753906,83.52030181884766,0.0,2422.89990234375,2436.0,2422.89990234375,2430.0,540.0,81.91000366210938,82.58000183105469,81.47000122070312,82.16000366210938,296520.0,13.119999885559082,13.260000228881836,12.75,12.779999732971191,0.0,52455.8984375,52662.25,52154.0,52330.05078125,186100.0
2024-07-16 05:30:00+05:30,5667.2001953125,5669.669921875,5639.02001953125,5644.08984375,4041760000.0,83.58760070800781,83.60350036621094,83.53160095214844,83.58760070800781,0.0,2462.39990234375,2462.39990234375,2427.39990234375,2427.39990234375,93.0,80.76000213623047,81.93000030517578,80.22000122070312,81.91999816894531,308186.0,13.1899995803833,13.470000267028809,12.949999809265137,13.380000114440918,0.0,52396.80078125,52619.05078125,52331.6015625,52466.69921875,158800.0
2024-07-17 05:30:00+05:30,5588.27001953125,5622.490234375,5584.81005859375,5610.06982421875,4246450000.0,83.52960205078125,83.59329986572266,83.49400329589844,83.52960205078125,0.0,2454.800048828125,2473.10009765625,2454.800048828125,2472.89990234375,10.0,82.8499984741211,83.0999984741211,80.44999694824219,80.8499984741211,257437.0,14.479999542236328,14.880000114440918,13.539999961853027,13.600000381469727,0.0,52396.80078125,52619.05078125,52331.6015625,52466.69921875,158800.0
2024-07-18 05:30:00+05:30,5544.58984375,5614.0498046875,5522.81005859375,5608.56005859375,4007510000.0,83.57209777832031,83.66690063476562,83.54900360107422,83.57209777832031,0.0,2451.800048828125,2466.0,2451.800048828125,2466.0,2.0,82.81999969482422,83.81999969482422,82.04000091552734,83.11000061035156,95704.0,15.930000305175781,16.43000030517578,14.079999923706055,14.270000457763672,0.0,52620.69921875,52782.75,52168.6484375,52215.05078125,139400.0
2024-07-19 05:30:00+05:30,5505.0,5557.5,5497.0400390625,5543.3701171875,3760570000.0,83.67430114746094,83.72669982910156,83.60040283203125,83.67430114746094,0.0,2395.5,2419.199951171875,2395.5,2418.800048828125,15.0,80.12999725341797,82.87999725341797,80.06999969482422,82.47000122070312,83795.0,16.520000457763672,17.190000534057617,10.619999885559082,16.440000534057617,0.0,52265.6015625,52586.75,52146.30078125,52531.55078125,134100.0
2024-07-22 05:30:00+05:30,5564.41015625,5570.35986328125,5529.0400390625,5544.5400390625,3375180000.0,83.73030090332031,83.74140167236328,83.64299774169922,83.73030090332031,0.0,2392.0,2402.10009765625,2392.0,2402.10009765625,18.0,79.77999877929688,80.69000244140625,79.16999816894531,80.38999938964844,345235.0,14.90999984741211,16.889999389648438,14.75,16.790000915527344,0.0,52280.3984375,52427.0,51874.55078125,52145.6015625,175300.0
2024-07-23 05:30:00+05:30,5555.740234375,5585.33984375,5550.89990234375,5565.2998046875,3500210000.0,83.67130279541016,83.71810150146484,83.59929656982422,83.67130279541016,0.0,2404.60009765625,2404.60009765625,2388.699951171875,2395.800048828125,41.0,76.95999908447266,78.7300033569336,76.4000015258789,78.2699966430664,417941.0,14.720000267028809,15.350000381469727,13.899999618530273,15.210000038146973,0.0,51778.30078125,52547.55078125,51342.6484375,52511.0,207800.0
2024-07-24 05:30:00+05:30,5427.1298828125,5508.0400390625,5419.97998046875,5505.83984375,3945550000.0,83.70680236816406,83.72769927978516,83.63790130615234,83.70680236816406,0.0,2413.300048828125,2421.0,2411.60009765625,2421.0,6.0,77.58999633789062,78.19000244140625,76.9800033569336,77.44999694824219,355971.0,18.040000915527344,18.459999084472656,15.180000305175781,15.350000381469727,0.0,51317.0,51944.6484375,50784.25,51657.6484375,292200.0
2024-07-25 05:30:00+05:30,5399.22021484375,5491.58984375,5390.9501953125,5428.7001953125,4592120000.0,83.74299621582031,83.85880279541016,83.66110229492188,83.74299621582031,0.0,2351.89990234375,2365.5,2351.89990234375,2365.5,31.0,78.27999877929688,78.47000122070312,76.04000091552734,77.5,457288.0,18.459999084472656,19.360000610351562,16.420000076293945,18.40999984741211,0.0,50888.75,51006.1015625,50559.8984375,50762.30078125,188400.0
2024-07-26 05:30:00+05:30,5459.10009765625,5488.31982421875,5430.7001953125,5433.669921875,3638770000.0,83.73760223388672,83.75479888916016,83.65969848632812,83.73760223388672,0.0,2380.0,2386.89990234375,2368.699951171875,2368.699951171875,95.0,77.16000366210938,78.5999984741211,76.19000244140625,78.3499984741211,365121.0,16.389999389648438,18.049999237060547,16.3700008392334,17.969999313354492,0.0,51295.94921875,51398.6015625,50438.30078125,50456.1015625,215700.0
2024-07-29 05:30:00+05:30,5463.5400390625,5487.740234375,5444.43994140625,5476.5498046875,3379970000.0,83.72779846191406,83.76470184326172,83.69409942626953,83.72779846191406,0.0,2377.300048828125,2377.300048828125,2377.300048828125,2377.300048828125,126409.0,75.80999755859375,77.69000244140625,75.3499984741211,77.30000305175781,362635.0,16.600000381469727,17.209999084472656,16.229999542236328,16.59000015258789,0.0,51406.25,52340.25,51186.94921875,51546.6484375,513700.0
2024-07-30 05:30:00+05:30,5436.43994140625,5489.4599609375,5401.7001953125,5478.72998046875,3777740000.0,83.75050354003906,83.7676010131836,83.6989974975586,83.75050354003906,0.0,2405.0,2409.300048828125,2373.800048828125,2380.89990234375,25944.0,74.7300033569336,75.97000122070312,74.58999633789062,75.91000366210938,419478.0,17.690000534057617,18.31999969482422,16.260000228881836,16.639999389648438,0.0,51499.30078125,51957.75,51260.05078125,51383.8984375,235200.0
2024-07-31 05:30:00+05:30,5522.2998046875,5551.509765625,5493.75,5505.58984375,4546910000.0,83.73899841308594,83.81230163574219,83.6593017578125,83.73899841308594,0.0,2426.5,2447.60009765625,2402.800048828125,2407.10009765625,1313.0,77.91000366210938,78.66000366210938,75.18000030517578,75.23999786376953,460315.0,16.360000610351562,16.770000457763672,15.710000038146973,16.65999984741211,0.0,51553.3984375,51663.1015625,51335.69921875,51583.44921875,219000.0
2024-08-01 05:30:00+05:30,5446.68017578125,5566.16015625,5410.419921875,5537.83984375,4703620000.0,83.7177963256836,83.75050354003906,83.65670013427734,83.7177963256836,0.0,2435.0,2455.10009765625,2430.39990234375,2446.699951171875,690.0,76.30999755859375,78.87999725341797,76.23999786376953,78.58999633789062,383014.0,18.59000015258789,19.479999542236328,15.949999809265137,16.200000762939453,0.0,51564.0,51877.1484375,51456.19921875,51672.6015625,156400.0
2024-08-02 05:30:00+05:30,5346.56005859375,5383.89013671875,5302.02978515625,5376.6298828125,5156450000.0,83.743896484375,83.80599975585938,83.68789672851562,83.743896484375,0.0,2425.699951171875,2477.0,2416.0,2444.0,550.0,73.5199966430664,77.29000091552734,72.97000122070312,76.87000274658203,467786.0,23.389999389648438,29.65999984741211,20.010000228881836,20.520000457763672,0.0,51350.1484375,51608.69921875,51087.8515625,51172.25,163000.0
2024-08-05 05:30:00+05:30,5186.330078125,5250.89013671875,5119.259765625,5151.14013671875,5333250000.0,83.73529815673828,84.17030334472656,83.73529815673828,83.73529815673828,0.0,2401.699951171875,2449.800048828125,2367.39990234375,2442.0,334.0,72.94000244140625,74.45999908447266,71.66999816894531,74.20999908447266,500151.0,38.56999969482422,65.7300033569336,23.389999389648438,23.389999389648438,0.0,50092.1015625,50747.55078125,49719.1015625,50586.25,257800.0
2024-08-06 05:30:00+05:30,5240.02978515625,5312.33984375,5193.56005859375,5206.419921875,4690190000.0,84.00260162353516,84.09529876708984,83.83100128173828,84.00260162353516,0.0,2389.10009765625,2421.800048828125,2380.0,2414.5,163.0,73.19999694824219,74.55999755859375,72.19999694824219,73.86000061035156,352250.0,27.709999084472656,34.77000045776367,24.020000457763672,33.709999084472656,0.0,49748.30078125,50688.80078125,49659.05078125,50436.8984375,162800.0
2024-08-07 05:30:00+05:30,5199.5,5330.64013671875,5195.5400390625,5293.1298828125,4558260000.0,83.93489837646484,83.97530364990234,83.87000274658203,83.93489837646484,0.0,2390.5,2401.0,2384.5,2392.199951171875,130.0,75.2300033569336,75.83999633789062,72.58000183105469,72.83999633789062,427995.0,27.850000381469727,29.760000228881836,21.969999313354492,24.770000457763672,0.0,50119.0,50292.44921875,49782.19921875,50286.19921875,171000.0
2024-08-08 05:30:00+05:30,5319.31005859375,5328.02978515625,5233.85009765625,5252.56982421875,4016830000.0,83.94239807128906,84.00900268554688,83.78990173339844,83.94239807128906,0.0,2422.199951171875,2422.800048828125,2384.300048828125,2384.300048828125,201.0,76.19000244140625,76.5199966430664,74.5999984741211,75.47000122070312,327301.0,23.790000915527344,29.469999313354492,23.360000610351562,28.34000015258789,0.0,50156.69921875,50440.75,49829.6015625,50051.8984375,124800.0
2024-08-09 05:30:00+05:30,5344.16015625,5358.669921875,5300.83984375,5314.66015625,3516400000.0,83.98899841308594,83.99310302734375,83.87999725341797,83.98899841308594,0.0,2432.10009765625,2432.10009765625,2418.5,2422.300048828125,611.0,76.83999633789062,77.08999633789062,75.8499984741211,76.0199966430664,263007.0,20.3700008392334,24.520000457763672,20.260000228881836,23.780000686645508,0.0,50484.5,50707.75,50386.44921875,50612.1015625,120200.0
2024-08-12 05:30:00+05:30,5344.39013671875,5371.2001953125,5324.3701171875,5351.8798828125,3360160000.0,83.94979858398438,83.9646987915039,83.82150268554688,83.94979858398438,0.0,2462.39990234375,2469.800048828125,2432.0,2432.699951171875,566.0,80.05999755859375,80.16000366210938,76.69999694824219,76.98999786376953,376747.0,20.709999084472656,21.190000534057617,18.889999389648438,20.790000915527344,0.0,50577.94921875,50830.69921875,50149.25,50412.6015625,163500.0
2024-08-13 05:30:00+05:30,5434.43017578125,5436.5,5376.97998046875,5376.97998046875,3648980000.0,83.88999938964844,83.97000122070312,83.88700103759766,83.88999938964844,0.0,2466.699951171875,2470.0,2456.5,2461.0,510.0,78.3499984741211,80.1500015258789,78.16000366210938,79.73999786376953,370763.0,18.1200008392334,20.790000915527344,17.950000762939453,20.059999465942383,0.0,49831.8515625,50559.25,49785.1015625,50395.3515625,148900.0
2024-08-14 05:30:00+05:30,5455.2099609375,5463.22021484375,5415.91015625,5442.35986328125,3380050000.0,83.88200378417969,83.97550201416016,83.88899993896484,83.88200378417969,0.0,2439.39990234375,2472.10009765625,2439.39990234375,2468.0,274.0,76.9800033569336,79.0999984741211,76.83000183105469,78.7300033569336,357636.0,16.190000534057617,18.489999771118164,16.1200008392334,18.40999984741211,0.0,49727.30078125,49959.25,49654.6484375,49887.1484375,137100.0
2024-08-15 05:30:00+05:30,5543.22021484375,5546.22998046875,5501.1298828125,5501.1298828125,3723310000.0,83.97149658203125,83.99310302734375,83.80419921875,83.97149658203125,0.0,2453.10009765625,2467.699951171875,2431.199951171875,2451.800048828125,285.0,78.16000366210938,78.5999984741211,76.93000030517578,77.5199966430664,195122.0,15.229999542236328,16.68000030517578,14.770000457763672,16.270000457763672,0.0,49727.30078125,49959.25,49654.6484375,49887.1484375,137100.0
2024-08-16 05:30:00+05:30,5554.25,5561.97998046875,5525.169921875,5530.5,3357690000.0,83.94830322265625,83.97039794921875,83.8550033569336,83.94830322265625,0.0,2498.60009765625,2508.0,2451.39990234375,2453.5,197.0,76.6500015258789,78.16000366210938,75.54000091552734,78.16000366210938,100810.0,14.800000190734863,15.760000228881836,14.649999618530273,15.289999961853027,0.0,50516.8984375,50603.3984375,49806.05078125,50133.0,130700.0
2024-08-19 05:30:00+05:30,5608.25,5608.2998046875,5550.740234375,5557.22998046875,3222050000.0,83.88980102539062,83.9364013671875,83.7864990234375,83.88980102539062,0.0,2501.800048828125,2508.5,2487.199951171875,2508.5,88.0,74.37000274658203,76.87000274658203,74.16999816894531,76.58000183105469,118172.0,14.649999618530273,16.06999969482422,14.460000038146973,15.9399995803833,0.0,50368.3515625,50728.25,50283.55078125,50683.55078125,115300.0
2024-08-20 05:30:00+05:30,5597.1201171875,5620.509765625,5585.5,5602.8798828125,2994420000.0,83.87860107421875,83.89399719238281,83.4093017578125,83.87860107421875,0.0,2511.300048828125,2527.300048828125,2500.699951171875,2503.5,187.0,74.04000091552734,75.02999877929688,73.5,74.33999633789062,329276.0,15.880000114440918,15.930000305175781,14.779999732971191,14.890000343322754,0.0,50803.1484375,51025.6015625,50398.6015625,50417.25,144200.0
2024-08-21 05:30:00+05:30,5620.85009765625,5632.68017578125,5591.56982421875,5603.08984375,3119670000.0,83.77940368652344,83.9363021850586,83.71099853515625,83.77940368652344,0.0,2508.39990234375,2515.39990234375,2503.89990234375,2511.0,96.0,71.93000030517578,74.16000366210938,71.45999908447266,73.12000274658203,390527.0,16.270000457763672,17.170000076293945,15.920000076293945,16.25,0.0,50685.55078125,50772.44921875,50333.3515625,50666.6484375,180800.0
2024-08-22 05:30:00+05:30,5570.64013671875,5643.22021484375,5560.9501953125,5637.77001953125,2981530000.0,83.88860321044922,83.96990203857422,83.87539672851562,83.88860321044922,0.0,2478.89990234375,2504.10009765625,2471.10009765625,2504.10009765625,210.0,73.01000213623047,73.5199966430664,71.58000183105469,71.93000030517578,334117.0,17.549999237060547,18.059999465942383,15.760000228881836,16.270000457763672,0.0,50985.69921875,51080.0,50794.44921875,50894.80078125,133100.0
2024-08-23 05:30:00+05:30,5634.60986328125,5641.81982421875,5585.16015625,5602.490234375,3291940000.0,83.94059753417969,83.94010162353516,83.79389953613281,83.94059753417969,0.0,2508.39990234375,2508.39990234375,2486.5,2486.5,94.0,74.83000183105469,75.06999969482422,72.83000183105469,72.95999908447266,313764.0,15.859999656677246,17.209999084472656,15.609999656677246,17.1200008392334,0.0,50933.44921875,51117.8515625,50856.69921875,51040.05078125,88500.0
2024-08-26 05:30:00+05:30,5616.83984375,5651.6201171875,5602.33984375,5639.66015625,2938570000.0,83.81379699707031,83.902099609375,83.66419982910156,83.81379699707031,0.0,2517.699951171875,2523.10009765625,2509.10009765625,2509.89990234375,290.0,77.41999816894531,77.5999984741211,75.04000091552734,75.0999984741211,409675.0,16.149999618530273,16.670000076293945,15.8100004196167,16.270000457763672,0.0,51148.1015625,51317.8515625,51061.55078125,51100.6484375,100300.0
2024-08-27 05:30:00+05:30,5625.7998046875,5631.18017578125,5593.47998046875,5602.89013671875,2798990000.0,83.88369750976562,83.94869995117188,83.87580108642578,83.88369750976562,0.0,2516.0,2523.10009765625,2506.89990234375,2515.199951171875,100.0,75.52999877929688,77.4800033569336,75.4000015258789,77.19999694824219,331162.0,15.430000305175781,16.809999465942383,15.369999885559082,16.209999084472656,0.0,51278.75,51404.69921875,50938.1015625,51214.05078125,111400.0
2024-08-28 05:30:00+05:30,5592.18017578125,5627.02978515625,5560.9501953125,5624.509765625,3053450000.0,83.92160034179688,83.97840118408203,83.90499877929688,83.92160034179688,0.0,2501.0,2501.0,2501.0,2501.0,2353.0,74.5199966430664,75.94999694824219,73.81999969482422,75.75,337361.0,17.110000610351562,17.889999389648438,15.460000038146973,15.510000228881836,0.0,51143.8515625,51260.75,51033.69921875,51208.94921875,128100.0
2024-08-29 05:30:00+05:30,5591.9599609375,5646.9501953125,5583.7099609375,5607.2998046875,3065640000.0,83.94149780273438,83.98100280761719,83.84729766845703,83.94149780273438,0.0,2525.699951171875,2525.699951171875,2503.89990234375,2504.10009765625,3966.0,75.91000366210938,76.91000366210938,74.05000305175781,74.41999816894531,408147.0,15.649999618530273,16.56999969482422,15.1899995803833,16.540000915527344,0.0,51152.75,51368.94921875,50984.3984375,51103.75,143600.0
2024-08-30 05:30:00+05:30,5648.39990234375,5651.3701171875,5581.7900390625,5612.740234375,4185850000.0,83.89510345458984,83.89659881591797,83.80500030517578,83.89510345458984,0.0,2493.800048828125,2525.39990234375,2493.800048828125,2519.5,208.0,73.55000305175781,76.58999633789062,73.36000061035156,75.87000274658203,427273.0,15.0,16.040000915527344,14.779999732971191,15.670000076293945,0.0,51351.0,51466.55078125,51256.0,51437.44921875,478600.0
2024-09-02 05:30:00+05:30,5648.39990234375,5651.3701171875,5581.7900390625,5612.740234375,4185850000.0,83.86380004882812,83.93599700927734,83.85299682617188,83.86380004882812,0.0,2493.800048828125,2525.39990234375,2493.800048828125,2519.5,208.0,73.55000305175781,76.58999633789062,73.36000061035156,75.87000274658203,427273.0,15.0,16.040000915527344,14.779999732971191,15.670000076293945,0.0,51439.55078125,51579.5,51295.80078125,51579.5,150200.0
2024-09-03 05:30:00+05:30,5528.93017578125,5623.89013671875,5504.330078125,5623.89013671875,3866350000.0,83.92729949951172,83.98509979248047,83.9000015258789,83.92729949951172,0.0,2489.89990234375,2501.800048828125,2476.300048828125,2501.60009765625,206.0,70.33999633789062,74.41000366210938,70.0999984741211,73.52999877929688,546617.0,20.719999313354492,21.989999771118164,15.710000038146973,15.760000228881836,0.0,51689.1015625,51750.1015625,51240.05078125,51479.75,127200.0
2024-09-04 05:30:00+05:30,5520.06982421875,5552.990234375,5503.66015625,5506.68017578125,3478140000.0,83.95030212402344,84.0176010131836,83.93699645996094,83.95030212402344,0.0,2493.39990234375,2493.39990234375,2483.5,2490.89990234375,470.0,69.19999694824219,71.45999908447266,68.81999969482422,70.27999877929688,482025.0,21.31999969482422,23.309999465942383,19.34000015258789,23.200000762939453,0.0,51400.25,51503.55078125,51259.8984375,51364.6484375,159700.0
2024-09-05 05:30:00+05:30,5503.41015625,5546.2998046875,5480.5400390625,5520.080078125,3521650000.0,83.98249816894531,83.99079895019531,83.95700073242188,83.98249816894531,0.0,2511.39990234375,2513.300048828125,2493.39990234375,2493.699951171875,54.0,69.1500015258789,70.81999969482422,68.75,69.2699966430664,405596.0,19.899999618530273,21.530000686645508,19.209999084472656,20.75,0.0,51473.05078125,51636.75,51389.1484375,51544.25,129600.0
2024-09-06 05:30:00+05:30,5408.419921875,5522.47021484375,5402.6201171875,5507.330078125,3822800000.0,83.98359680175781,83.98770141601562,83.90609741210938,83.98359680175781,0.0,2493.5,2517.89990234375,2483.699951171875,2510.300048828125,96.0,67.66999816894531,70.12999725341797,67.16999816894531,69.33000183105469,351074.0,22.3799991607666,23.760000228881836,18.829999923706055,21.979999542236328,0.0,50576.8515625,51380.05078125,50447.30078125,51200.3984375,186000.0
2024-09-09 05:30:00+05:30,5471.0498046875,5484.2001953125,5434.490234375,5442.06982421875,3825940000.0,83.98259735107422,83.98259735107422,83.92939758300781,83.98259735107422,0.0,2501.800048828125,2504.699951171875,2491.300048828125,2491.300048828125,96.0,68.70999908447266,68.95999908447266,67.30999755859375,68.12999725341797,351074.0,19.450000762939453,21.40999984741211,19.290000915527344,21.31999969482422,0.0,51117.80078125,51192.75,50369.3984375,50549.25,172400.0
2024-09-10 05:30:00+05:30,5495.52001953125,5497.91015625,5441.72021484375,5490.509765625,3848180000.0,83.98090362548828,84.1946029663086,83.94499969482422,83.98090362548828,0.0,2512.300048828125,2512.300048828125,2512.300048828125,2512.300048828125,5.0,65.75,69.08000183105469,65.2699966430664,68.77999877929688,442855.0,19.079999923706055,20.739999771118164,18.899999618530273,19.860000610351562,0.0,51272.30078125,51366.0,50958.25,51328.30078125,119300.0
2024-09-11 05:30:00+05:30,5554.1298828125,5560.41015625,5406.9599609375,5496.419921875,3839450000.0,83.98200225830078,84.12030029296875,83.92900085449219,83.98200225830078,0.0,2512.10009765625,2525.800048828125,2502.300048828125,2525.800048828125,90.0,67.30999755859375,67.97000122070312,65.62999725341797,66.27999877929688,393311.0,17.690000534057617,21.40999984741211,17.549999237060547,19.40999984741211,0.0,51010.0,51420.1484375,50947.69921875,51218.55078125,145100.0
2024-09-12 05:30:00+05:30,5595.759765625,5600.7099609375,5535.5,5557.47998046875,3655070000.0,83.99259948730469,83.99359893798828,83.90299987792969,83.99259948730469,0.0,2551.199951171875,2557.0,2523.39990234375,2529.10009765625,132.0,68.97000122070312,69.80999755859375,67.23999786376953,67.38999938964844,351976.0,17.06999969482422,18.59000015258789,16.889999389648438,17.6200008392334,0.0,51772.3984375,51878.1015625,51025.0,51271.0,127900.0
2024-09-13 05:30:00+05:30,5626.02001953125,5636.27001953125,5601.64990234375,5603.33984375,3500790000.0,83.93479919433594,84.02529907226562,83.8550033569336,83.93479919433594,0.0,2581.300048828125,2581.800048828125,2565.0,2568.800048828125,31.0,68.6500015258789,70.31999969482422,68.47000122070312,69.30999755859375,308983.0,16.559999465942383,17.18000030517578,16.229999542236328,17.030000686645508,0.0,51938.05078125,51994.1015625,51643.94921875,51952.55078125,152000.0
2024-09-16 05:30:00+05:30,5633.08984375,5636.0498046875,5604.52978515625,5615.2099609375,3437070000.0,83.88480377197266,83.91490173339844,83.839599609375,83.88480377197266,0.0,2580.39990234375,2580.39990234375,2580.39990234375,2580.39990234375,28.0,70.08999633789062,70.69999694824219,68.6500015258789,69.16000366210938,295176.0,17.139999389648438,17.690000534057617,16.90999984741211,17.15999984741211,0.0,52153.1484375,52208.69921875,51921.44921875,52038.69921875,93800.0
2024-09-17 05:30:00+05:30,5634.580078125,5670.81005859375,5614.0498046875,5655.509765625,3443600000.0,83.88400268554688,83.90760040283203,83.70490264892578,83.88400268554688,0.0,2564.300048828125,2581.800048828125,2564.300048828125,2581.199951171875,22.0,71.19000244140625,71.91999816894531,69.61000061035156,70.5,251629.0,17.610000610351562,18.079999923706055,16.670000076293945,17.15999984741211,0.0,52188.6484375,52284.6015625,52085.5,52249.05078125,111400.0
2024-09-18 05:30:00+05:30,5618.259765625,5689.75,5615.080078125,5641.68017578125,3691390000.0,83.77059936523438,83.8676986694336,83.6593017578125,83.77059936523438,0.0,2570.699951171875,2570.699951171875,2549.199951171875,2570.699951171875,25.0,70.91000366210938,71.4800033569336,69.7300033569336,71.13999938964844,102907.0,18.229999542236328,19.389999389648438,17.110000610351562,17.579999923706055,0.0,52750.3984375,52954.19921875,52154.55078125,52177.1015625,205100.0
2024-09-19 05:30:00+05:30,5713.64013671875,5733.56982421875,5686.419921875,5702.6298828125,4024530000.0,83.69170379638672,83.7645034790039,83.56500244140625,83.69170379638672,0.0,2588.0,2588.0,2566.0,2566.0,99.0,71.94999694824219,72.48999786376953,70.12999725341797,70.12999725341797,86630.0,16.329999923706055,17.270000457763672,16.209999084472656,17.209999084472656,0.0,53037.6015625,53353.30078125,52847.8984375,52929.25,164900.0
2024-09-20 05:30:00+05:30,5702.5498046875,5715.14013671875,5674.490234375,5709.64013671875,7867260000.0,83.61470031738281,83.62740325927734,83.47339630126953,83.61470031738281,0.0,2619.89990234375,2621.800048828125,2590.39990234375,2590.39990234375,17.0,71.91999816894531,72.4000015258789,71.36000061035156,72.0999984741211,306997.0,16.149999618530273,16.68000030517578,15.8100004196167,16.350000381469727,0.0,53793.19921875,54066.1015625,53037.6015625,53235.80078125,271900.0
2024-09-23 05:30:00+05:30,5718.56982421875,5725.35986328125,5704.22021484375,5711.89990234375,3529550000.0,83.48709869384766,83.67379760742188,83.4634017944336,83.48709869384766,0.0,2626.5,2626.5,2626.5,2626.5,9.0,70.37000274658203,71.80999755859375,69.48999786376953,71.30999755859375,338267.0,15.890000343322754,16.950000762939453,15.75,16.709999084472656,0.0,54105.80078125,54197.94921875,53741.3984375,53917.8984375,163700.0
2024-09-24 05:30:00+05:30,5732.93017578125,5735.31982421875,5698.990234375,5727.66015625,3872710000.0,83.55960083007812,83.77130126953125,83.5154037475586,83.55960083007812,0.0,2651.199951171875,2662.300048828125,2625.5,2636.800048828125,35.0,71.55999755859375,72.4000015258789,70.44000244140625,70.76000213623047,318516.0,15.390000343322754,16.670000076293945,15.270000457763672,15.869999885559082,0.0,53968.6015625,54247.69921875,53904.6484375,54110.6484375,192600.0
2024-09-25 05:30:00+05:30,5722.259765625,5741.02978515625,5712.06005859375,5733.64990234375,3624910000.0,83.56759643554688,83.6364974975586,83.44010162353516,83.56759643554688,0.0,2659.199951171875,2664.199951171875,2649.300048828125,2656.300048828125,175.0,69.69000244140625,71.72000122070312,69.2300033569336,71.54000091552734,476237.0,15.40999984741211,15.819999694824219,15.170000076293945,15.819999694824219,0.0,54101.6484375,54141.30078125,53792.8515625,53794.0,184600.0
2024-09-26 05:30:00+05:30,5745.3701171875,5767.3701171875,5721.009765625,5762.22021484375,4391180000.0,83.62409973144531,83.71260070800781,83.57319641113281,83.62409973144531,0.0,2669.89990234375,2669.89990234375,2660.800048828125,2662.300048828125,17216.0,67.66999816894531,70.01000213623047,66.94999694824219,69.88999938964844,478069.0,15.369999885559082,15.829999923706055,14.899999618530273,15.0600004196167,0.0,54375.3515625,54467.3515625,54010.8984375,54045.8515625,170500.0
2024-09-27 05:30:00+05:30,5738.169921875,5763.77978515625,5727.33984375,5755.35986328125,3898530000.0,83.61710357666016,83.70800018310547,83.5635986328125,83.61710357666016,0.0,2644.300048828125,2672.10009765625,2641.699951171875,2670.0,4228.0,68.18000030517578,68.6500015258789,67.05999755859375,67.44999694824219,341133.0,16.959999084472656,16.969999313354492,15.199999809265137,15.640000343322754,0.0,53834.30078125,54338.69921875,53763.19921875,54338.69921875,217400.0
2024-09-30 05:30:00+05:30,5762.47998046875,5765.14013671875,5703.52978515625,5726.52001953125,4425730000.0,83.71640014648438,83.90950012207031,83.6448974609375,83.71640014648438,0.0,2636.10009765625,2662.10009765625,2623.199951171875,2660.89990234375,973.0,68.16999816894531,69.31999969482422,67.56999969482422,68.62999725341797,350115.0,16.729999542236328,17.790000915527344,16.469999313354492,17.010000228881836,0.0,52978.1015625,53726.3984375,52926.55078125,53556.94921875,179300.0
2024-10-01 05:30:00+05:30,5708.75,5757.72998046875,5681.27978515625,5757.72998046875,4025180000.0,83.82730102539062,83.94960021972656,83.7603988647461,83.82730102539062,0.0,2667.300048828125,2670.89990234375,2631.39990234375,2631.39990234375,153.0,69.83000183105469,71.94000244140625,66.33000183105469,68.41000366210938,668216.0,19.260000228881836,20.729999542236328,16.610000610351562,16.959999084472656,0.0,52922.6015625,53235.25,52817.80078125,52844.0,240200.0
2024-10-02 05:30:00+05:30,5709.5400390625,5719.6298828125,5674.0,5698.14013671875,3829050000.0,83.87210083007812,84.0071029663086,83.85449981689453,83.87210083007812,0.0,2647.10009765625,2657.199951171875,2640.0,2650.60009765625,72.0,70.0999984741211,72.48999786376953,69.87000274658203,70.80000305175781,429225.0,18.899999618530273,20.360000610351562,18.579999923706055,19.649999618530273,0.0,52922.6015625,53235.25,52817.80078125,52844.0,240200.0
2024-10-03 05:30:00+05:30,5699.93994140625,5718.77978515625,5677.3701171875,5698.18994140625,3597450000.0,83.91960144042969,84.03209686279297,83.89299774169922,83.91960144042969,0.0,2657.10009765625,2657.10009765625,2640.0,2642.800048828125,354.0,73.70999908447266,74.08999633789062,70.5199966430664,70.9800033569336,460554.0,20.489999771118164,20.75,19.15999984741211,19.6299991607666,0.0,51845.19921875,52582.94921875,51683.3984375,52314.44921875,272300.0
2024-10-04 05:30:00+05:30,5751.06982421875,5753.2099609375,5702.830078125,5737.47998046875,3479400000.0,84.0093994140625,84.04280090332031,83.94529724121094,84.0093994140625,0.0,2645.800048828125,2667.0,2639.0,2656.0,114.0,74.37999725341797,75.56999969482422,73.45999908447266,73.94999694824219,428815.0,19.209999084472656,20.479999542236328,18.479999542236328,20.479999542236328,0.0,51462.05078125,52358.3515625,51347.25,51643.75,255800.0
2024-10-07 05:30:00+05:30,5695.93994140625,5739.33984375,5686.85009765625,5737.7998046875,3637790000.0,84.02780151367188,84.02780151367188,83.94999694824219,84.02780151367188,0.0,2644.800048828125,2657.39990234375,2639.0,2648.699951171875,284.0,77.13999938964844,77.4000015258789,73.62000274658203,74.4000015258789,419018.0,22.639999389648438,23.030000686645508,20.649999618530273,20.760000228881836,0.0,50478.8984375,51784.80078125,50194.30078125,51543.19921875,328700.0
2024-10-08 05:30:00+05:30,5751.1298828125,5757.60009765625,5714.56005859375,5719.14013671875,3393400000.0,83.96410369873047,84.1001968383789,83.91600036621094,83.96410369873047,0.0,2615.0,2639.0,2609.300048828125,2639.0,687.0,73.56999969482422,78.45999908447266,72.69000244140625,77.33000183105469,496760.0,21.420000076293945,23.139999389648438,21.139999389648438,22.920000076293945,0.0,51021.0,51176.05078125,50466.0,50736.1015625,153200.0
2024-10-09 05:30:00+05:30,5792.0400390625,5796.7998046875,5745.02001953125,5751.7998046875,3650340000.0,83.91459655761719,83.97769927978516,83.78099822998047,83.91459655761719,0.0,2606.0,2607.699951171875,2603.0,2603.0,152.0,73.23999786376953,74.44999694824219,71.52999877929688,73.83999633789062,401159.0,20.860000610351562,22.010000228881836,20.709999084472656,21.979999542236328,0.0,51007.0,51707.1484375,50903.75,51161.75,310000.0
2024-10-10 05:30:00+05:30,5780.0498046875,5795.02978515625,5764.759765625,5778.35986328125,3208790000.0,83.94219970703125,83.98059844970703,83.92230224609375,83.94219970703125,0.0,2620.60009765625,2628.300048828125,2602.5,2602.5,320.0,75.8499984741211,76.23999786376953,73.26000213623047,73.38999938964844,321453.0,20.93000030517578,21.389999389648438,20.639999389648438,20.90999984741211,0.0,51530.8984375,51659.44921875,51047.0,51195.69921875,123700.0
2024-10-11 05:30:00+05:30,5815.02978515625,5822.1298828125,5775.08984375,5775.08984375,3208720000.0,83.94599914550781,84.12449645996094,83.94149780273438,83.94599914550781,0.0,2657.60009765625,2658.10009765625,2638.199951171875,2638.300048828125,12.0,75.55999755859375,76.04000091552734,74.52999877929688,75.73999786376953,315302.0,20.459999084472656,21.15999984741211,20.139999389648438,20.8700008392334,0.0,51172.30078125,51560.0,51005.8515625,51491.8984375,109400.0
2024-10-14 05:30:00+05:30,5859.85009765625,5871.41015625,5829.56982421875,5829.81005859375,3005250000.0,84.16829681396484,84.16840362548828,83.97669982910156,84.16829681396484,0.0,2647.800048828125,2655.300048828125,2647.800048828125,2655.0,40.0,73.83000183105469,75.08000183105469,71.80999755859375,75.05000305175781,273455.0,19.700000762939453,20.860000610351562,19.690000534057617,20.860000610351562,0.0,51816.8984375,51893.0,51220.8515625,51263.25,126600.0
2024-10-15 05:30:00+05:30,5815.259765625,5870.35986328125,5804.47998046875,5866.740234375,3882120000.0,84.04850006103516,84.07279968261719,84.01809692382812,84.04850006103516,0.0,2661.39990234375,2661.39990234375,2661.39990234375,2661.39990234375,39.0,70.58000183105469,72.12000274658203,69.70999908447266,71.51000213623047,328738.0,20.639999389648438,20.889999389648438,19.440000534057617,19.610000610351562,0.0,51906.0,52022.05078125,51698.75,51975.94921875,101400.0
2024-10-16 05:30:00+05:30,5842.47021484375,5846.52001953125,5808.33984375,5816.580078125,3467230000.0,84.05619812011719,84.09429931640625,83.98999786376953,84.05619812011719,0.0,2674.0,2674.0,2674.0,2674.0,6.0,70.38999938964844,71.30999755859375,69.63999938964844,70.98999786376953,222437.0,19.579999923706055,21.010000228881836,19.450000762939453,20.770000457763672,0.0,51801.05078125,52031.6015625,51711.19921875,51711.19921875,94400.0
2024-10-17 05:30:00+05:30,5841.47021484375,5878.4599609375,5840.25,5875.6201171875,3480010000.0,84.03929901123047,84.08789825439453,84.00299835205078,84.03929901123047,0.0,2691.0,2691.699951171875,2677.199951171875,2677.39990234375,30.0,70.66999816894531,71.11000061035156,69.44000244140625,70.68000030517578,188161.0,19.110000610351562,19.649999618530273,18.8799991607666,19.549999237060547,0.0,51288.80078125,51930.19921875,51150.25,51849.30078125,107800.0
2024-10-18 05:30:00+05:30,5864.669921875,5872.169921875,5846.10986328125,5859.43017578125,3374490000.0,84.05380249023438,84.07779693603516,84.01830291748047,84.05380249023438,0.0,2713.699951171875,2719.60009765625,2713.699951171875,2713.699951171875,29.0,69.22000122070312,71.2300033569336,68.69000244140625,70.75,95768.0,18.030000686645508,19.31999969482422,17.989999771118164,19.299999237060547,0.0,52094.19921875,52199.44921875,51000.8984375,51261.0,139100.0
2024-10-21 05:30:00+05:30,5853.97998046875,5866.919921875,5824.7900390625,5857.81982421875,3407010000.0,84.0687026977539,84.08679962158203,84.0385971069336,84.0687026977539,0.0,2723.10009765625,2738.39990234375,2719.5,2721.89990234375,52.0,70.55999755859375,71.02999877929688,69.0,69.45999908447266,92584.0,18.3700008392334,19.34000015258789,18.360000610351562,18.780000686645508,0.0,51962.69921875,52577.5,51855.1484375,52361.1015625,145700.0
2024-10-22 05:30:00+05:30,5851.2001953125,5863.0400390625,5821.169921875,5832.7001953125,3342080000.0,84.07350158691406,84.177001953125,84.05979919433594,84.07350158691406,0.0,2744.199951171875,2746.0,2728.60009765625,2731.699951171875,93.0,72.08999633789062,72.66000366210938,70.05000305175781,70.48999786376953,330456.0,18.200000762939453,19.440000534057617,18.049999237060547,18.790000915527344,0.0,51257.1484375,52257.30078125,51179.6015625,52071.3515625,203900.0
2024-10-23 05:30:00+05:30,5797.419921875,5834.85009765625,5762.41015625,5834.5,3532650000.0,84.08399963378906,84.11380004882812,84.05899810791016,84.08399963378906,0.0,2714.39990234375,2742.5,2714.199951171875,2742.5,18.0,70.7699966430664,71.72000122070312,70.12999725341797,71.3499984741211,293835.0,19.239999771118164,20.469999313354492,18.18000030517578,18.209999084472656,0.0,51239.0,51551.55078125,51107.8984375,51117.80078125,208100.0
2024-10-24 05:30:00+05:30,5809.85986328125,5817.7998046875,5784.919921875,5817.7998046875,3543030000.0,84.06759643554688,84.08200073242188,84.04769897460938,84.06759643554688,0.0,2734.89990234375,2736.10009765625,2729.0,2729.0,27.0,70.19000244140625,72.33999633789062,69.7699966430664,71.0199966430664,286571.0,19.079999923706055,20.239999771118164,18.6299991607666,18.8700008392334,0.0,51531.1484375,51781.55078125,51201.8515625,51272.30078125,171800.0
2024-10-25 05:30:00+05:30,5808.1201171875,5862.81982421875,5799.97998046875,5826.75,3501280000.0,84.08180236816406,84.09329986572266,84.05799865722656,84.08180236816406,0.0,2740.89990234375,2742.39990234375,2725.5,2725.5,29.0,71.77999877929688,71.91999816894531,69.95999908447266,70.33000183105469,287189.0,20.329999923706055,20.510000228881836,18.229999542236328,19.219999313354492,0.0,50787.44921875,51501.05078125,50382.1015625,51369.75,271700.0
2024-10-28 05:30:00+05:30,5823.52001953125,5842.919921875,5823.080078125,5833.93017578125,3691280000.0,84.10199737548828,84.0968017578125,84.05799865722656,84.10199737548828,0.0,2742.89990234375,2742.89990234375,2729.5,2736.10009765625,56.0,67.37999725341797,69.0,66.91999816894531,68.9800033569336,419623.0,19.799999237060547,19.8799991607666,18.90999984741211,19.110000610351562,0.0,51259.30078125,51589.1484375,51012.55078125,51061.3515625,447600.0
2024-10-29 05:30:00+05:30,5832.919921875,5847.18994140625,5802.169921875,5819.68017578125,3879100000.0,84.10279846191406,84.10929870605469,84.0270004272461,84.10279846191406,0.0,2768.39990234375,2768.39990234375,2768.39990234375,2768.39990234375,848.0,67.20999908447266,68.5199966430664,66.72000122070312,68.0199966430664,291929.0,19.34000015258789,20.530000686645508,19.059999465942383,19.75,0.0,52320.69921875,52354.8515625,51278.8984375,51404.1015625,374600.0
2024-10-30 05:30:00+05:30,5813.669921875,5850.93994140625,5811.27978515625,5832.64990234375,3851120000.0,84.08930206298828,84.09439849853516,84.04499816894531,84.08930206298828,0.0,2788.5,2789.0,2774.60009765625,2774.60009765625,231.0,68.61000061035156,69.16999816894531,67.27999877929688,67.47000122070312,284795.0,20.350000381469727,20.440000534057617,19.299999237060547,19.329999923706055,0.0,51807.5,52220.0,51733.0,51988.69921875,247700.0
2024-10-31 05:30:00+05:30,5705.4501953125,5775.33984375,5702.85986328125,5775.33984375,4425660000.0,84.08910369873047,84.1865005493164,84.0510025024414,84.08910369873047,0.0,2738.300048828125,2787.5,2733.5,2787.39990234375,849.0,69.26000213623047,70.80999755859375,68.30000305175781,69.0999984741211,311055.0,23.15999984741211,23.420000076293945,21.1200008392334,21.440000534057617,0.0,51475.3515625,52005.6015625,51318.1015625,51649.44921875,319900.0
2024-11-01 05:30:00+05:30,5728.7998046875,5772.52001953125,5723.22021484375,5723.22021484375,3796450000.0,84.09149932861328,84.1093978881836,84.03399658203125,84.09149932861328,0.0,2738.60009765625,2756.0,2734.199951171875,2745.5,109.0,69.48999786376953,71.44999694824219,69.31999969482422,70.44000244140625,320572.0,21.8799991607666,23.09000015258789,21.15999984741211,22.959999084472656,0.0,51673.8984375,51825.5,51459.3984375,51550.1484375,51400.0
2024-11-04 05:30:00+05:30,5712.68994140625,5741.43017578125,5696.509765625,5725.14990234375,3602060000.0,84.13359832763672,84.18240356445312,84.0425033569336,84.13359832763672,0.0,2736.10009765625,2737.10009765625,2736.10009765625,2736.5,16.0,71.47000122070312,71.80999755859375,70.25,70.29000091552734,286947.0,21.979999542236328,23.06999969482422,21.729999542236328,22.5,0.0,51215.25,51764.5,51066.80078125,51764.5,320500.0
2024-11-05 05:30:00+05:30,5782.759765625,5783.43994140625,5722.10009765625,5722.43017578125,3768310000.0,84.15249633789062,84.16639709472656,84.0916976928711,84.15249633789062,0.0,2740.300048828125,2743.89990234375,2740.300048828125,2743.0,23.0,71.98999786376953,72.66999816894531,71.29000091552734,71.62000274658203,247311.0,20.489999771118164,22.059999465942383,20.200000762939453,21.979999542236328,0.0,52207.25,52289.55078125,50865.44921875,51052.6015625,245000.0
2024-11-06 05:30:00+05:30,5929.0400390625,5936.14013671875,5864.89013671875,5864.89013671875,6329530000.0,84.11630249023438,84.34220123291016,84.00830078125,84.11630249023438,0.0,2667.60009765625,2734.5,2659.39990234375,2734.5,427.0,71.69000244140625,72.62999725341797,69.73999786376953,72.0199966430664,388265.0,16.270000457763672,16.81999969482422,15.4399995803833,16.059999465942383,0.0,52317.3984375,52493.94921875,52185.3984375,52440.3984375,219100.0
2024-11-07 05:30:00+05:30,5973.10009765625,5983.83984375,5947.2099609375,5947.2099609375,4925740000.0,84.2511978149414,84.38330078125,84.2239990234375,84.2511978149414,0.0,2698.39990234375,2699.10009765625,2662.5,2662.5,676.0,72.36000061035156,72.87999725341797,70.66000366210938,71.87000274658203,353595.0,15.199999809265137,15.859999656677246,15.130000114440918,15.859999656677246,0.0,51916.5,52377.25,51752.25,52258.94921875,160500.0
2024-11-08 05:30:00+05:30,5995.5400390625,6012.4501953125,5976.759765625,5976.759765625,4666740000.0,84.306396484375,84.43150329589844,84.30400085449219,84.306396484375,0.0,2687.5,2694.60009765625,2682.89990234375,2688.5,1038.0,70.37999725341797,72.25,69.98999786376953,72.20999908447266,362038.0,14.9399995803833,15.329999923706055,14.65999984741211,15.130000114440918,0.0,51561.19921875,52007.1484375,51494.0,51869.1484375,157200.0
2024-11-11 05:30:00+05:30,6001.35009765625,6017.31005859375,5986.68994140625,6008.85986328125,4333000000.0,84.38289642333984,84.42240142822266,84.36699676513672,84.38289642333984,0.0,2611.199951171875,2671.699951171875,2611.199951171875,2671.699951171875,20.0,68.04000091552734,70.55999755859375,67.91999816894531,70.25,364506.0,14.970000267028809,15.5600004196167,14.890000343322754,15.329999923706055,0.0,51876.75,52177.69921875,51294.19921875,51562.69921875,160700.0
2024-11-12 05:30:00+05:30,5983.990234375,6009.919921875,5960.080078125,6003.60009765625,4243400000.0,84.39649963378906,84.41590118408203,84.3604965209961,84.39649963378906,0.0,2600.0,2605.5,2592.800048828125,2605.5,118.0,68.12000274658203,69.12999725341797,67.75,68.1500015258789,286926.0,14.710000038146973,15.369999885559082,14.6899995803833,15.09000015258789,0.0,51157.80078125,52169.05078125,51006.8515625,52053.75,131400.0
2024-11-13 05:30:00+05:30,5985.3798828125,6008.18994140625,5965.91015625,5985.75,4220180000.0,84.39530181884766,84.49299621582031,84.35050201416016,84.39530181884766,0.0,2580.800048828125,2611.800048828125,2580.800048828125,2611.10009765625,53.0,68.43000030517578,68.86000061035156,66.94000244140625,67.9800033569336,386027.0,14.020000457763672,15.260000228881836,13.770000457763672,15.09000015258789,0.0,50088.3515625,51353.5,49904.3984375,51030.94921875,207100.0
2024-11-14 05:30:00+05:30,5949.169921875,5993.8798828125,5942.27978515625,5989.68017578125,4184570000.0,84.4229965209961,84.47820281982422,84.3936996459961,84.4229965209961,0.0,2568.199951171875,2576.199951171875,2554.199951171875,2555.10009765625,27.0,68.69999694824219,69.38999938964844,67.91999816894531,68.12999725341797,232270.0,14.3100004196167,14.319999694824219,13.59000015258789,14.170000076293945,0.0,50179.55078125,50561.80078125,49939.3515625,50053.44921875,133900.0
2024-11-15 05:30:00+05:30,5870.6201171875,5915.31982421875,5853.009765625,5912.7900390625,4590960000.0,84.47380065917969,84.55799865722656,84.40699768066406,84.47380065917969,0.0,2565.699951171875,2565.699951171875,2565.699951171875,2565.699951171875,20.0,67.0199966430664,68.69000244140625,66.81999969482422,68.62000274658203,205235.0,16.139999389648438,17.549999237060547,14.5600004196167,15.020000457763672,0.0,50179.55078125,50561.80078125,49939.3515625,50053.44921875,133900.0
2024-11-18 05:30:00+05:30,5893.6201171875,5908.1201171875,5865.9501953125,5874.169921875,3983860000.0,84.47750091552734,84.45179748535156,84.37629699707031,84.47750091552734,0.0,2610.60009765625,2610.699951171875,2589.39990234375,2591.699951171875,136.0,69.16000366210938,69.38999938964844,66.61000061035156,66.86000061035156,110375.0,15.579999923706055,17.0,15.350000381469727,16.600000381469727,0.0,50363.80078125,50445.80078125,50074.0,50312.44921875,161500.0
2024-11-19 05:30:00+05:30,5916.97998046875,5923.509765625,5855.2900390625,5870.0498046875,4036940000.0,84.39849853515625,84.43800354003906,84.35430145263672,84.39849853515625,0.0,2627.10009765625,2627.699951171875,2619.300048828125,2621.89990234375,87.0,69.38999938964844,69.69000244140625,68.44999694824219,69.01000213623047,89360.0,16.350000381469727,17.93000030517578,15.369999885559082,15.4399995803833,0.0,50626.5,50983.5,50440.8515625,50580.55078125,185800.0
2024-11-20 05:30:00+05:30,5917.10986328125,5920.669921875,5860.56005859375,5914.33984375,3772620000.0,84.39759826660156,84.41310119628906,84.33979797363281,84.39759826660156,0.0,2648.199951171875,2648.199951171875,2638.5,2638.5,27.0,68.87000274658203,70.1500015258789,68.75,69.55000305175781,235637.0,17.15999984741211,18.790000915527344,16.040000915527344,16.190000534057617,0.0,50626.5,50983.5,50440.8515625,50580.55078125,185800.0
2024-11-21 05:30:00+05:30,5948.7099609375,5963.31982421875,5887.259765625,5940.580078125,4230120000.0,84.38310241699219,84.52300262451172,84.385498046875,84.38310241699219,0.0,2672.10009765625,2672.10009765625,2655.699951171875,2659.300048828125,33.0,70.0999984741211,70.37999725341797,68.86000061035156,69.04000091552734,283850.0,16.8700008392334,17.989999771118164,15.729999542236328,17.100000381469727,0.0,50372.8984375,50652.1484375,49787.1015625,50625.0,254600.0
2024-11-22 05:30:00+05:30,5969.33984375,5972.89990234375,5944.35986328125,5944.35986328125,4141420000.0,84.48829650878906,84.51390075683594,84.4000015258789,84.48829650878906,0.0,2709.89990234375,2710.5,2685.60009765625,2687.5,41.0,71.23999786376953,71.51000213623047,69.29000091552734,70.18000030517578,408207.0,15.239999771118164,17.559999465942383,15.239999771118164,16.670000076293945,0.0,51135.3984375,51271.5,50508.25,50512.80078125,183400.0
2024-11-25 05:30:00+05:30,5987.3701171875,6020.75,5963.91015625,5992.27978515625,5633150000.0,84.43599700927734,84.43820190429688,84.24099731445312,84.43599700927734,0.0,2616.800048828125,2689.39990234375,2616.800048828125,2689.39990234375,94.0,68.94000244140625,71.4800033569336,68.73999786376953,71.44000244140625,380922.0,14.600000381469727,15.720000267028809,14.539999961853027,15.229999542236328,0.0,52207.5,52331.1015625,51774.05078125,52046.3515625,458500.0
2024-11-26 05:30:00+05:30,6021.6298828125,6025.419921875,5992.27001953125,6000.02978515625,3835170000.0,84.37750244140625,84.42150115966797,84.2249984741211,84.37750244140625,0.0,2620.300048828125,2625.60009765625,2620.300048828125,2625.60009765625,177858.0,68.7699966430664,70.30000305175781,68.05000305175781,69.08000183105469,292138.0,14.100000381469727,15.029999732971191,13.880000114440918,14.949999809265137,0.0,52191.5,52555.5,51999.75,52554.8984375,113100.0
2024-11-27 05:30:00+05:30,5998.740234375,6020.16015625,5984.8701171875,6014.10986328125,3363340000.0,84.33910369873047,84.46949768066406,84.31880187988281,84.33910369873047,0.0,2639.89990234375,2657.89990234375,2627.199951171875,2633.5,61653.0,68.72000122070312,69.37000274658203,68.18000030517578,68.91000366210938,227215.0,14.100000381469727,15.130000114440918,13.960000038146973,14.279999732971191,0.0,52301.80078125,52444.3515625,52019.6484375,52154.30078125,151600.0
2024-11-28 05:30:00+05:30,5998.740234375,6020.16015625,5984.8701171875,6014.10986328125,3363340000.0,84.42030334472656,84.51010131835938,84.3750991821289,84.42030334472656,0.0,2639.89990234375,2657.89990234375,2627.199951171875,2633.5,61653.0,68.72000122070312,69.37000274658203,68.18000030517578,68.91000366210938,227215.0,14.100000381469727,15.130000114440918,13.960000038146973,14.279999732971191,0.0,51906.8515625,52760.19921875,51782.8984375,52389.94921875,172000.0
2024-11-29 05:30:00+05:30,6032.3798828125,6044.169921875,6003.97998046875,6003.97998046875,2444420000.0,84.47160339355469,84.63980102539062,84.45320129394531,84.47160339355469,0.0,2657.0,2664.300048828125,2620.699951171875,2636.39990234375,3861.0,68.0,69.69000244140625,67.87000274658203,68.7699966430664,291408.0,13.510000228881836,14.149999618530273,13.489999771118164,14.0,0.0,52055.6015625,52170.8984375,51759.44921875,51984.1484375,139600.0
2024-12-02 05:30:00+05:30,6047.14990234375,6053.580078125,6035.330078125,6040.10986328125,4412470000.0,84.55699920654297,84.74949645996094,84.56939697265625,84.55699920654297,0.0,2634.89990234375,2649.800048828125,2621.699951171875,2649.0,695.0,68.0999984741211,69.11000061035156,67.70999908447266,68.0,264883.0,13.34000015258789,14.100000381469727,13.300000190734863,14.079999923706055,0.0,52109.0,52197.25,51693.94921875,52087.6484375,102500.0
2024-12-03 05:30:00+05:30,6049.8798828125,6052.06982421875,6033.39013671875,6042.97021484375,4095000000.0,84.73709869384766,84.8406982421875,84.62570190429688,84.73709869384766,0.0,2644.699951171875,2654.699951171875,2636.0,2639.0,1062.0,69.94000244140625,70.2300033569336,67.91000366210938,68.16000366210938,303752.0,13.300000190734863,13.770000457763672,13.1899995803833,13.380000114440918,0.0,52695.75,52780.8984375,52216.8515625,52357.94921875,173600.0
2024-12-04 05:30:00+05:30,6086.490234375,6089.83984375,6061.06005859375,6069.39013671875,4003390000.0,84.68309783935547,84.77050018310547,84.64099884033203,84.68309783935547,0.0,2653.800048828125,2658.300048828125,2637.0,2639.199951171875,249.0,68.54000091552734,70.51000213623047,68.48999786376953,70.0199966430664,325636.0,13.449999809265137,13.609999656677246,12.890000343322754,13.15999984741211,0.0,53266.8984375,53387.1015625,52685.1484375,52775.0,228600.0
2024-12-05 05:30:00+05:30,6075.10986328125,6094.5498046875,6072.89990234375,6089.02978515625,4212020000.0,84.70700073242188,84.75060272216797,84.66500091552734,84.70700073242188,0.0,2626.60009765625,2655.0,2625.699951171875,2652.39990234375,573.0,68.30000305175781,69.16000366210938,67.9800033569336,68.73999786376953,286701.0,13.539999961853027,13.699999809265137,13.260000228881836,13.460000038146973,0.0,53603.55078125,53888.30078125,52850.3515625,53354.44921875,155600.0
2024-12-06 05:30:00+05:30,6090.27001953125,6099.97021484375,6079.97998046875,6081.3798828125,3924830000.0,84.68379974365234,84.71029663085938,84.44239807128906,84.68379974365234,0.0,2638.60009765625,2643.10009765625,2617.5,2620.199951171875,571.0,67.19999694824219,68.48999786376953,66.9800033569336,68.44000244140625,341593.0,12.770000457763672,13.739999771118164,12.699999809265137,13.619999885559082,0.0,53509.5,53868.5,53160.6484375,53634.19921875,209400.0
2024-12-09 05:30:00+05:30,6052.85009765625,6088.509765625,6048.6298828125,6083.009765625,4556460000.0,84.66600036621094,84.91429901123047,84.6729965209961,84.66600036621094,0.0,2664.89990234375,2677.10009765625,2630.800048828125,2632.10009765625,935.0,68.37000274658203,68.87999725341797,67.08000183105469,67.1500015258789,297085.0,14.1899995803833,14.229999542236328,13.350000381469727,13.359999656677246,0.0,53407.75,53775.1015625,53326.3984375,53380.75,121800.0
2024-12-10 05:30:00+05:30,6034.91015625,6065.39990234375,6029.89013671875,6057.58984375,4048410000.0,84.84729766845703,84.91410064697266,84.76460266113281,84.84729766845703,0.0,2697.60009765625,2698.199951171875,2661.0,2662.300048828125,437.0,68.58999633789062,69.05999755859375,67.72000122070312,68.19000244140625,286003.0,14.180000305175781,14.539999961853027,13.859999656677246,14.300000190734863,0.0,53577.69921875,53624.05078125,53302.6484375,53450.05078125,121800.0
2024-12-11 05:30:00+05:30,6084.18994140625,6092.58984375,6060.14990234375,6060.14990234375,4269950000.0,84.8740005493164,84.9093017578125,84.77549743652344,84.8740005493164,0.0,2733.800048828125,2733.800048828125,2693.10009765625,2701.800048828125,3387.0,70.29000091552734,70.52999877929688,68.44000244140625,68.5,335892.0,13.579999923706055,14.430000305175781,13.520000457763672,14.420000076293945,0.0,53391.3515625,53648.05078125,53302.1484375,53459.30078125,101600.0
2024-12-12 05:30:00+05:30,6051.25,6079.68017578125,6051.25,6074.2900390625,3678010000.0,84.85710144042969,85.05110168457031,84.82440185546875,84.85710144042969,0.0,2687.5,2725.10009765625,2677.39990234375,2725.10009765625,2365.0,70.0199966430664,70.72000122070312,69.13999938964844,70.43000030517578,326046.0,13.920000076293945,13.949999809265137,13.390000343322754,13.729999542236328,0.0,53216.44921875,53537.44921875,53174.3984375,53201.0,99500.0
2024-12-13 05:30:00+05:30,6051.08984375,6078.580078125,6035.77001953125,6068.169921875,3584960000.0,84.83920288085938,85.01509857177734,84.77100372314453,84.83920288085938,0.0,2656.0,2689.300048828125,2647.89990234375,2688.199951171875,1125.0,71.29000091552734,71.41999816894531,69.87000274658203,70.05999755859375,230429.0,13.8100004196167,14.25,13.239999771118164,13.569999694824219,0.0,53583.80078125,53654.0,52264.55078125,53109.80078125,139900.0
2024-12-16 05:30:00+05:30,6074.080078125,6085.18994140625,6059.14013671875,6063.7900390625,4391100000.0,84.802001953125,84.92720031738281,84.76570129394531,84.802001953125,0.0,2651.39990234375,2663.300048828125,2651.0,2658.300048828125,877.0,70.70999908447266,71.44000244140625,70.37000274658203,71.44000244140625,204296.0,14.6899995803833,14.6899995803833,13.989999771118164,14.369999885559082,0.0,53581.3515625,53738.8984375,53335.0,53502.5,85800.0
2024-12-17 05:30:00+05:30,6050.60986328125,6057.68017578125,6035.18994140625,6052.5498046875,4544500000.0,84.91729736328125,85.13970184326172,84.69300079345703,84.91729736328125,0.0,2644.39990234375,2652.300048828125,2632.5,2651.800048828125,705.0,70.08000183105469,70.91999816894531,69.18000030517578,70.61000061035156,99604.0,15.869999885559082,15.9399995803833,14.779999732971191,14.979999542236328,0.0,52834.80078125,53515.69921875,52709.3984375,53394.1015625,116200.0
2024-12-18 05:30:00+05:30,5872.16015625,6070.669921875,5867.7900390625,6047.64990234375,5246960000.0,84.91539764404297,85.15599822998047,84.80500030517578,84.91539764404297,0.0,2636.5,2647.10009765625,2590.199951171875,2644.300048828125,566.0,70.58000183105469,71.37999725341797,69.98999786376953,70.22000122070312,99386.0,27.6200008392334,28.31999969482422,14.819999694824219,15.569999694824219,0.0,52139.55078125,52827.6015625,52010.6484375,52696.94921875,149500.0
2024-12-19 05:30:00+05:30,5867.080078125,5935.52001953125,5866.06982421875,5912.7099609375,4896880000.0,85.16549682617188,85.33679962158203,84.99610137939453,85.16549682617188,0.0,2592.199951171875,2610.300048828125,2582.10009765625,2582.10009765625,238.0,69.91000366210938,71.26000213623047,69.69999694824219,70.13999938964844,291660.0,24.09000015258789,24.1200008392334,20.15999984741211,21.610000610351562,0.0,51575.69921875,51789.8515625,51263.75,51428.44921875,145900.0
2024-12-20 05:30:00+05:30,5930.85009765625,5982.06005859375,5832.2998046875,5842.0,8223220000.0,85.27940368652344,85.33930206298828,84.93479919433594,85.27940368652344,0.0,2628.699951171875,2631.60009765625,2604.89990234375,2605.300048828125,592.0,69.45999908447266,69.8499984741211,68.41999816894531,69.2300033569336,231592.0,18.360000610351562,26.510000228881836,17.81999969482422,24.139999389648438,0.0,50759.19921875,51629.0,50609.3515625,51401.3515625,228200.0
2024-12-23 05:30:00+05:30,5974.06982421875,5978.25,5902.56982421875,5940.25,3593280000.0,84.94499969482422,85.13140106201172,84.93689727783203,84.94499969482422,0.0,2612.300048828125,2627.699951171875,2611.10009765625,2620.0,451.0,69.23999786376953,69.94000244140625,68.58999633789062,69.4000015258789,188843.0,16.780000686645508,20.020000457763672,16.739999771118164,18.09000015258789,0.0,51317.6015625,51417.3515625,51030.3984375,51044.3984375,110800.0
2024-12-24 05:30:00+05:30,6040.0400390625,6040.10009765625,5981.43994140625,5984.6298828125,1757720000.0,85.0988998413086,85.20970153808594,85.00499725341797,85.0988998413086,0.0,2620.0,2620.0,2609.5,2613.0,35.0,70.0999984741211,70.43000030517578,69.36000061035156,69.55999755859375,122602.0,14.270000457763672,17.040000915527344,14.270000457763672,16.969999313354492,0.0,51233.0,51382.1015625,51137.5,51314.94921875,112000.0
2024-12-25 05:30:00+05:30,6040.0400390625,6040.10009765625,5981.43994140625,5984.6298828125,1757720000.0,85.18150329589844,85.54720306396484,82.74500274658203,85.18150329589844,0.0,2620.0,2620.0,2609.5,2613.0,35.0,70.0999984741211,70.43000030517578,69.36000061035156,69.55999755859375,122602.0,14.270000457763672,17.040000915527344,14.270000457763672,16.969999313354492,0.0,51233.0,51382.1015625,51137.5,51314.94921875,112000.0
2024-12-26 05:30:00+05:30,6037.58984375,6049.75,6007.3701171875,6024.97021484375,2904530000.0,85.41339874267578,85.42030334472656,85.01000213623047,85.41339874267578,0.0,2638.800048828125,2638.800048828125,2627.89990234375,2628.5,84.0,69.62000274658203,70.75,69.33000183105469,70.19999694824219,144877.0,14.729999542236328,15.930000305175781,14.550000190734863,14.989999771118164,0.0,51170.69921875,51740.0,50951.80078125,51395.80078125,91300.0
2024-12-27 05:30:00+05:30,5970.83984375,6006.169921875,5932.9501953125,6006.169921875,3159610000.0,85.26090240478516,85.81780242919922,81.50740051269531,85.26090240478516,0.0,2617.199951171875,2617.699951171875,2616.39990234375,2617.699951171875,642.0,70.5999984741211,70.75,69.44000244140625,69.68000030517578,172641.0,15.949999809265137,18.450000762939453,15.289999961853027,15.380000114440918,0.0,51311.30078125,51628.44921875,51240.1015625,51268.19921875,78200.0
2024-12-30 05:30:00+05:30,5906.93994140625,5940.7900390625,5869.16015625,5920.669921875,3433250000.0,85.38600158691406,85.58499908447266,85.26390075683594,85.38600158691406,0.0,2606.10009765625,2626.89990234375,2597.0,2620.699951171875,794.0,70.98999786376953,71.55999755859375,70.12000274658203,70.41999816894531,199296.0,17.399999618530273,19.219999313354492,16.440000534057617,17.209999084472656,0.0,50952.75,51979.75,50718.3515625,51255.3515625,316300.0
2024-12-31 05:30:00+05:30,5881.6298828125,5929.740234375,5868.85986328125,5919.740234375,3128350000.0,85.7865982055664,85.79979705810547,77.50170135498047,85.7865982055664,0.0,2629.199951171875,2629.199951171875,2604.89990234375,2608.39990234375,401.0,71.72000122070312,72.0199966430664,70.87000274658203,71.1500015258789,151155.0,17.350000381469727,17.809999465942383,16.68000030517578,17.389999389648438,0.0,50860.19921875,50945.55078125,50599.80078125,50648.19921875,105300.0
2025-01-01 05:30:00+05:30,5881.6298828125,5929.740234375,5868.85986328125,5919.740234375,3128350000.0,85.7865982055664,85.79979705810547,77.50170135498047,85.7865982055664,0.0,2629.199951171875,2629.199951171875,2604.89990234375,2608.39990234375,401.0,71.72000122070312,72.0199966430664,70.87000274658203,71.1500015258789,151155.0,17.350000381469727,17.809999465942383,16.68000030517578,17.389999389648438,0.0,51060.6015625,51321.94921875,50485.05078125,50841.8984375,81100.0
2025-01-02 05:30:00+05:30,5868.5498046875,5935.08984375,5829.52978515625,5903.259765625,3621680000.0,85.78569793701172,86.03399658203125,85.5739974975586,85.78569793701172,0.0,2658.89990234375,2663.10009765625,2633.0,2633.0,1728.0,73.12999725341797,73.7300033569336,71.79000091552734,71.8499984741211,306498.0,17.93000030517578,19.5,16.959999084472656,17.209999084472656,0.0,51605.55078125,51672.75,50992.80078125,51084.94921875,134400.0
2025-01-03 05:30:00+05:30,5942.47021484375,5949.33984375,5888.66015625,5891.06982421875,3667340000.0,85.80400085449219,86.07230377197266,85.706298828125,85.80400085449219,0.0,2645.0,2658.699951171875,2641.800048828125,2658.699951171875,591.0,73.95999908447266,74.3499984741211,72.69999694824219,73.12999725341797,296040.0,16.1299991607666,17.940000534057617,16.110000610351562,17.65999984741211,0.0,50988.80078125,51671.6015625,50904.3515625,51567.1484375,148200.0
2025-01-06 05:30:00+05:30,5975.3798828125,6021.0400390625,5960.009765625,5982.81005859375,4940120000.0,85.75900268554688,85.84100341796875,85.58429718017578,85.75900268554688,0.0,2638.39990234375,2647.0,2617.300048828125,2645.5,960.0,73.55999755859375,74.98999786376953,73.19999694824219,74.05000305175781,306042.0,16.040000915527344,16.8700008392334,15.710000038146973,16.770000457763672,0.0,49922.0,51026.1015625,49751.0,50990.6484375,184600.0
2025-01-07 05:30:00+05:30,5909.02978515625,6000.68017578125,5890.68017578125,5993.259765625,4517330000.0,85.68070220947266,85.7938003540039,84.9395980834961,85.68070220947266,0.0,2656.699951171875,2657.5,2653.0,2653.39990234375,643.0,74.25,74.52999877929688,73.11000061035156,73.44000244140625,277328.0,17.81999969482422,18.899999618530273,15.789999961853027,16.479999542236328,0.0,50202.1484375,50447.6015625,49969.30078125,50061.19921875,103800.0
2025-01-08 05:30:00+05:30,5918.25,5927.89013671875,5874.77978515625,5910.66015625,4441740000.0,85.80650329589844,85.98560333251953,85.70600128173828,85.80650329589844,0.0,2664.5,2676.89990234375,2653.5,2655.5,999.0,73.31999969482422,75.29000091552734,73.16000366210938,74.5199966430664,328617.0,17.700000762939453,19.5,17.3700008392334,17.90999984741211,0.0,49835.05078125,50246.8984375,49389.75,50201.75,131200.0
2025-01-09 05:30:00+05:30,5918.25,5927.89013671875,5874.77978515625,5910.66015625,4441740000.0,85.90750122070312,86.18499755859375,85.82530212402344,85.90750122070312,0.0,2683.800048828125,2686.300048828125,2667.89990234375,2669.699951171875,1139.0,73.91999816894531,74.31999969482422,72.83999633789062,73.31999969482422,213421.0,17.700000762939453,19.5,17.3700008392334,17.90999984741211,0.0,49503.5,49798.1015625,49230.1484375,49712.55078125,136400.0
2025-01-10 05:30:00+05:30,5827.0400390625,5890.35009765625,5807.77978515625,5890.35009765625,4751930000.0,85.91999816894531,86.16079711914062,85.84110260009766,85.91999816894531,0.0,2708.5,2720.10009765625,2683.699951171875,2686.10009765625,403.0,76.56999969482422,77.86000061035156,74.0199966430664,74.29000091552734,478432.0,19.540000915527344,20.309999465942383,18.049999237060547,18.290000915527344,0.0,48734.1484375,49483.1484375,48631.19921875,49426.5,142400.0
2025-01-13 05:30:00+05:30,5836.22021484375,5838.60986328125,5773.31005859375,5782.02001953125,4421200000.0,86.18800354003906,86.7260971069336,86.09919738769531,86.18800354003906,0.0,2673.5,2711.199951171875,2673.5,2711.10009765625,765.0,78.81999969482422,79.2699966430664,76.54000091552734,76.54000091552734,460942.0,19.190000534057617,22.040000915527344,19.149999618530273,21.18000030517578,0.0,48041.25,48606.3515625,47898.3515625,48264.25,168800.0
2025-01-14 05:30:00+05:30,5842.91015625,5871.919921875,5805.419921875,5859.27001953125,4142280000.0,86.65059661865234,86.85530090332031,86.44409942626953,86.65059661865234,0.0,2677.5,2688.300048828125,2670.800048828125,2673.60009765625,794.0,77.5,79.08999633789062,77.41000366210938,78.81999969482422,326729.0,18.709999084472656,19.65999984741211,18.239999771118164,18.790000915527344,0.0,48729.1484375,49007.3515625,48235.19921875,48266.8984375,151900.0
2025-01-15 05:30:00+05:30,5949.91015625,5960.60986328125,5905.2099609375,5905.2099609375,4544570000.0,86.535400390625,86.59880065917969,86.10929870605469,86.535400390625,0.0,2712.5,2712.5,2690.800048828125,2690.800048828125,930.0,80.04000091552734,80.7699966430664,77.23999786376953,78.02999877929688,321422.0,16.1200008392334,19.139999389648438,15.960000038146973,19.079999923706055,0.0,48751.69921875,49083.6484375,48522.3984375,48832.75,145100.0
2025-01-16 05:30:00+05:30,5937.33984375,5964.68994140625,5930.72021484375,5963.60986328125,4285810000.0,86.43099975585938,86.64219665527344,86.2520980834961,86.43099975585938,0.0,2746.39990234375,2749.800048828125,2731.699951171875,2731.699951171875,1721.0,78.68000030517578,80.58999633789062,77.87000274658203,80.4000015258789,159948.0,16.600000381469727,16.600000381469727,15.640000343322754,15.869999885559082,0.0,49278.69921875,49459.0,49038.44921875,49082.8984375,146700.0
2025-01-17 05:30:00+05:30,5996.66015625,6014.9599609375,5978.43994140625,5995.39990234375,4366830000.0,86.6061019897461,86.66919708251953,86.0647964477539,86.6061019897461,0.0,2744.300048828125,2751.60009765625,2725.5,2736.0,1214.0,77.87999725341797,79.44000244140625,77.76000213623047,78.75,112409.0,15.970000267028809,16.229999542236328,15.529999732971191,16.190000534057617,0.0,48540.6015625,49047.19921875,48309.5,48959.5,130600.0
2025-01-20 05:30:00+05:30,5996.66015625,6014.9599609375,5978.43994140625,5995.39990234375,4366830000.0,86.56900024414062,86.57630157470703,86.14119720458984,86.56900024414062,0.0,2744.300048828125,2751.60009765625,2725.5,2736.0,1214.0,77.87999725341797,79.44000244140625,77.76000213623047,78.75,112409.0,15.970000267028809,16.229999542236328,15.529999732971191,16.190000534057617,0.0,49350.80078125,49650.6015625,48683.6015625,48834.1484375,173100.0
2025-01-21 05:30:00+05:30,6049.240234375,6051.509765625,6006.8798828125,6014.1201171875,4702920000.0,86.21109771728516,86.61759948730469,86.20230102539062,86.21109771728516,0.0,2755.0,2755.0,2724.800048828125,2746.0,1439.0,75.88999938964844,78.47000122070312,75.48999786376953,78.19000244140625,568807.0,15.0600004196167,16.290000915527344,14.930000305175781,16.290000915527344,0.0,48570.8984375,49543.1484375,48430.94921875,49532.0,134700.0
2025-01-22 05:30:00+05:30,6086.3701171875,6100.81005859375,6076.1298828125,6081.39013671875,4323040000.0,86.45189666748047,86.59300231933594,86.28900146484375,86.45189666748047,0.0,2767.60009765625,2768.800048828125,2753.5,2754.5,2079.0,75.44000244140625,76.44999694824219,75.27999877929688,75.87999725341797,315333.0,15.100000381469727,15.289999961853027,14.59000015258789,14.890000343322754,0.0,48724.3984375,48781.75,48074.05078125,48689.55078125,151700.0
2025-01-23 05:30:00+05:30,6118.7099609375,6118.72998046875,6074.669921875,6076.31982421875,4432250000.0,86.47270202636719,86.58799743652344,86.36900329589844,86.47270202636719,0.0,2763.10009765625,2765.0,2745.39990234375,2760.0,2201.0,74.62000274658203,76.0,74.13999938964844,75.38999938964844,350688.0,15.020000457763672,15.390000343322754,14.59000015258789,15.279999732971191,0.0,48589.0,48892.69921875,48493.0,48770.1484375,124600.0
2025-01-24 05:30:00+05:30,6101.240234375,6128.18017578125,6088.740234375,6121.43017578125,4214250000.0,86.44020080566406,86.48629760742188,86.1500015258789,86.44020080566406,0.0,2777.300048828125,2792.0,2759.800048828125,2759.800048828125,1593.0,74.66000366210938,75.20999908447266,74.01000213623047,74.30000305175781,319679.0,14.850000381469727,15.15999984741211,14.579999923706055,15.020000457763672,0.0,48367.80078125,48858.6484375,48203.0,48546.05078125,139900.0
2025-01-27 05:30:00+05:30,6012.27978515625,6017.169921875,5962.919921875,5969.0400390625,5198750000.0,86.2030029296875,86.44400024414062,86.18460083007812,86.2030029296875,0.0,2737.5,2762.199951171875,2737.5,2761.10009765625,984.0,73.16999816894531,75.1500015258789,72.37999725341797,74.54000091552734,334418.0,17.899999618530273,22.510000228881836,17.56999969482422,18.829999923706055,0.0,48064.6484375,48319.19921875,47844.1484375,47881.6484375,271800.0
2025-01-28 05:30:00+05:30,6067.7001953125,6074.5400390625,5994.6298828125,6026.97021484375,4473640000.0,86.46839904785156,86.58699798583984,86.4020004272461,86.46839904785156,0.0,2766.800048828125,2766.800048828125,2738.0,2738.0,2307.0,73.7699966430664,74.30999755859375,72.93000030517578,73.1500015258789,326075.0,16.40999984741211,18.389999389648438,16.25,18.290000915527344,0.0,48866.8515625,49247.1484375,48449.05078125,48642.5,299900.0
2025-01-29 05:30:00+05:30,6039.31005859375,6062.830078125,6012.9599609375,6057.7001953125,4115310000.0,86.58460235595703,86.69529724121094,86.48799896240234,86.58460235595703,0.0,2769.10009765625,2769.10009765625,2769.10009765625,2769.10009765625,125692.0,72.62000274658203,74.08000183105469,72.33000183105469,73.94999694824219,312733.0,16.559999465942383,18.079999923706055,16.170000076293945,16.420000076293945,0.0,49165.94921875,49199.6484375,48849.80078125,48997.19921875,177200.0
2025-01-30 05:30:00+05:30,6071.169921875,6086.64013671875,6027.4599609375,6050.75,4634620000.0,86.6406021118164,86.65299987792969,86.54630279541016,86.6406021118164,0.0,2823.0,2829.5,2770.0,2772.5,40141.0,72.7300033569336,73.83999633789062,72.0199966430664,73.0,336475.0,15.84000015258789,16.420000076293945,15.319999694824219,15.930000305175781,0.0,49311.94921875,49426.19921875,49031.80078125,49206.19921875,197900.0
2025-01-31 05:30:00+05:30,6040.52978515625,6120.91015625,6030.93017578125,6096.7900390625,4843770000.0,86.64700317382812,86.71820068359375,86.54519653320312,86.64700317382812,0.0,2812.5,2838.0,2804.0,2829.0,3443.0,72.52999877929688,73.83999633789062,71.94000244140625,73.19999694824219,376335.0,16.43000030517578,17.09000015258789,14.899999618530273,15.449999809265137,0.0,49587.19921875,49674.80078125,49031.80078125,49259.6484375,232000.0
2025-02-03 05:30:00+05:30,5994.56982421875,6022.1298828125,5923.93017578125,5969.64990234375,4797210000.0,86.55400085449219,87.32559967041016,86.55400085449219,86.55400085449219,0.0,2833.89990234375,2848.39990234375,2780.89990234375,2818.199951171875,2649.0,73.16000366210938,75.18000030517578,72.05000305175781,74.13999938964844,517853.0,18.6200008392334,20.420000076293945,17.65999984741211,20.360000610351562,0.0,49210.55078125,49373.44921875,48906.05078125,49074.80078125,122900.0
2025-02-04 05:30:00+05:30,6037.8798828125,6042.47998046875,5990.8701171875,5998.14013671875,4410160000.0,86.94339752197266,87.12419891357422,86.93550109863281,86.94339752197266,0.0,2853.300048828125,2853.300048828125,2816.10009765625,2827.60009765625,2187.0,72.69999694824219,73.3499984741211,70.66999816894531,72.3499984741211,452961.0,17.209999084472656,19.110000610351562,16.780000686645508,18.780000686645508,0.0,50157.94921875,50206.6015625,49482.5,49538.80078125,155700.0
2025-02-05 05:30:00+05:30,6061.47998046875,6062.85986328125,6007.06005859375,6020.4501953125,4756250000.0,87.13009643554688,87.47859954833984,87.08599853515625,87.13009643554688,0.0,2871.60009765625,2880.5,2848.0,2850.0,4519.0,71.02999877929688,72.97000122070312,70.95999908447266,72.76000213623047,289902.0,15.770000457763672,17.75,15.770000457763672,17.540000915527344,0.0,50343.05078125,50522.1484375,50215.44921875,50402.30078125,149000.0
2025-02-06 05:30:00+05:30,6083.56982421875,6084.02978515625,6046.830078125,6072.22021484375,4847120000.0,87.33409881591797,87.6718978881836,87.33409881591797,87.33409881591797,0.0,2856.0,2871.699951171875,2836.300048828125,2865.199951171875,3116.0,70.61000061035156,71.8499984741211,70.43000030517578,71.18000030517578,299037.0,15.5,16.149999618530273,14.989999771118164,15.880000114440918,0.0,50382.1015625,50553.3515625,50149.80078125,50468.3515625,158400.0
2025-02-07 05:30:00+05:30,6025.990234375,6101.27978515625,6019.9599609375,6083.1298828125,4766900000.0,87.58830261230469,87.84269714355469,87.31759643554688,87.58830261230469,0.0,2867.300048828125,2889.5,2857.800048828125,2859.89990234375,1822.0,71.0,71.41000366210938,70.47000122070312,70.55999755859375,273766.0,16.540000915527344,16.65999984741211,14.789999961853027,15.380000114440918,0.0,50158.8515625,50641.75,49871.1484375,50484.44921875,178700.0
2025-02-10 05:30:00+05:30,6066.43994140625,6073.3798828125,6044.83984375,6046.39990234375,4458760000.0,87.51309967041016,88.07129669189453,87.40859985351562,87.51309967041016,0.0,2914.300048828125,2916.10009765625,2863.800048828125,2864.199951171875,2237.0,72.31999969482422,72.54000091552734,70.83999633789062,71.0,255941.0,15.8100004196167,16.610000610351562,15.699999809265137,16.579999923706055,0.0,49981.0,50155.6484375,49703.1015625,50052.5,98400.0
2025-02-11 05:30:00+05:30,6068.5,6076.27978515625,6042.33984375,6049.31982421875,4324880000.0,87.49009704589844,87.57170104980469,86.59259796142578,87.49009704589844,0.0,2912.5,2945.39990234375,2890.0,2925.5,2554.0,73.31999969482422,73.68000030517578,72.30999755859375,72.48999786376953,266819.0,16.020000457763672,16.420000076293945,15.75,16.1299991607666,0.0,49403.3984375,49906.75,49177.3984375,49812.1484375,127000.0
2025-02-12 05:30:00+05:30,6051.97021484375,6063.0,6003.0,6025.080078125,4627960000.0,86.81120300292969,87.0271987915039,86.2886962890625,86.81120300292969,0.0,2909.0,2912.300048828125,2868.60009765625,2902.0,2504.0,71.37000274658203,73.22000122070312,71.16999816894531,73.19999694824219,318123.0,15.890000343322754,17.18000030517578,15.640000343322754,15.90999984741211,0.0,49479.44921875,49702.3515625,48734.3515625,49402.25,136500.0
2025-02-13 05:30:00+05:30,6115.06982421875,6116.91015625,6050.9501953125,6060.58984375,4763800000.0,86.8740005493164,87.01129913330078,86.68409729003906,86.8740005493164,0.0,2925.89990234375,2937.699951171875,2910.60009765625,2911.300048828125,4670.0,71.29000091552734,71.5999984741211,70.22000122070312,71.23999786376953,278197.0,15.100000381469727,16.329999923706055,14.979999542236328,15.970000267028809,0.0,49359.8515625,49836.1015625,49276.1015625,49469.3515625,118600.0
2025-02-14 05:30:00+05:30,6114.6298828125,6127.47021484375,6107.6201171875,6115.52001953125,4335190000.0,86.75409698486328,86.88999938964844,86.53810119628906,86.75409698486328,0.0,2883.60009765625,2944.39990234375,2874.800048828125,2937.300048828125,1992.0,70.73999786376953,72.0199966430664,70.5199966430664,71.5199966430664,207719.0,14.770000457763672,15.420000076293945,14.739999771118164,15.079999923706055,0.0,49099.44921875,49592.94921875,48719.75,49485.6484375,130600.0
2025-02-17 05:30:00+05:30,6114.6298828125,6127.47021484375,6107.6201171875,6115.52001953125,4335190000.0,86.43460083007812,86.90609741210938,86.63259887695312,86.43460083007812,0.0,2883.60009765625,2944.39990234375,2874.800048828125,2937.300048828125,1992.0,70.73999786376953,72.0199966430664,70.5199966430664,71.5199966430664,207719.0,14.770000457763672,15.420000076293945,14.739999771118164,15.079999923706055,0.0,49258.8984375,49319.0,48525.6015625,48880.3984375,114800.0
2025-02-18 05:30:00+05:30,6129.580078125,6129.6298828125,6099.509765625,6121.60009765625,4684980000.0,86.85479736328125,86.97599792480469,86.84500122070312,86.85479736328125,0.0,2931.60009765625,2936.39990234375,2873.800048828125,2879.199951171875,4010.0,71.8499984741211,72.06999969482422,70.12000274658203,70.69999694824219,130937.0,15.350000381469727,16.030000686645508,15.350000381469727,15.569999694824219,0.0,49087.30078125,49328.55078125,48814.94921875,49211.8515625,107800.0
2025-02-19 05:30:00+05:30,6144.14990234375,6147.43017578125,6111.14990234375,6117.759765625,4562330000.0,86.88719940185547,86.95230102539062,86.80169677734375,86.88719940185547,0.0,2919.39990234375,2946.0,2917.10009765625,2938.699951171875,2630.0,72.25,73.04000091552734,71.70999908447266,71.77999877929688,69012.0,15.270000457763672,15.960000038146973,15.050000190734863,15.140000343322754,0.0,49570.1015625,49628.25,48804.0,48895.3515625,113300.0
2025-02-20 05:30:00+05:30,6117.52001953125,6134.5,6084.58984375,6134.5,4813690000.0,86.872802734375,86.91329956054688,86.53060150146484,86.872802734375,0.0,2940.0,2955.800048828125,2924.199951171875,2949.10009765625,656.0,72.56999969482422,73.25,71.8499984741211,72.18000030517578,240060.0,15.65999984741211,16.6299991607666,15.119999885559082,15.609999656677246,0.0,49334.55078125,49455.80078125,49150.94921875,49314.1015625,112000.0
2025-02-21 05:30:00+05:30,6013.1298828125,6114.81982421875,6008.56005859375,6114.10009765625,5434560000.0,86.45120239257812,86.76300048828125,86.44640350341797,86.45120239257812,0.0,2937.60009765625,2940.0,2917.300048828125,2938.800048828125,570.0,70.4000015258789,72.7699966430664,70.16999816894531,72.58000183105469,268470.0,18.209999084472656,19.030000686645508,15.279999732971191,15.630000114440918,0.0,48981.19921875,49306.55078125,48764.0,49127.94921875,95300.0
2025-02-24 05:30:00+05:30,5983.25,6043.64990234375,5977.830078125,6026.68994140625,4990120000.0,86.52940368652344,86.7510986328125,86.50479888916016,86.52940368652344,0.0,2947.89990234375,2957.89990234375,2933.10009765625,2933.10009765625,415.0,70.69999694824219,70.94000244140625,69.80000305175781,69.80000305175781,205468.0,18.979999542236328,20.239999771118164,17.309999465942383,18.079999923706055,0.0,48651.94921875,48748.3984375,48281.8984375,48619.80078125,95700.0
2025-02-25 05:30:00+05:30,5955.25,5992.64990234375,5908.490234375,5982.72998046875,5374690000.0,86.69010162353516,87.25240325927734,86.68199920654297,86.69010162353516,0.0,2904.5,2943.199951171875,2890.0,2938.699951171875,1854.0,68.93000030517578,71.26000213623047,68.68000030517578,70.91999816894531,267310.0,19.43000030517578,21.479999542236328,18.850000381469727,19.09000015258789,0.0,48608.3515625,48862.1484375,48534.1484375,48691.19921875,106700.0
2025-02-26 05:30:00+05:30,5956.06005859375,6009.81982421875,5932.68994140625,5970.8701171875,4869580000.0,87.0811996459961,87.18879699707031,87.03099822998047,87.0811996459961,0.0,2916.800048828125,2917.0,2913.0,2913.5,2050.0,68.62000274658203,69.27999877929688,68.36000061035156,69.11000061035156,255601.0,19.100000381469727,20.059999465942383,17.829999923706055,18.959999084472656,0.0,48608.3515625,48862.1484375,48534.1484375,48691.19921875,106700.0
2025-02-27 05:30:00+05:30,5861.56982421875,5993.68994140625,5858.77978515625,5981.8798828125,5057680000.0,87.16220092773438,87.42639923095703,87.09480285644531,87.16220092773438,0.0,2883.199951171875,2922.800048828125,2870.39990234375,2918.5,3215.0,70.3499984741211,70.54000091552734,68.61000061035156,68.81999969482422,265933.0,21.1299991607666,21.469999313354492,17.670000076293945,18.25,0.0,48743.80078125,48972.55078125,48627.1015625,48732.19921875,186700.0
2025-02-28 05:30:00+05:30,5954.5,5959.39990234375,5837.66015625,5856.740234375,6441140000.0,87.3270034790039,87.54199981689453,87.26480102539062,87.3270034790039,0.0,2836.800048828125,2877.10009765625,2834.10009765625,2877.10009765625,990.0,69.76000213623047,70.29000091552734,69.13999938964844,70.16999816894531,250074.0,19.6299991607666,22.399999618530273,19.049999237060547,21.209999084472656,0.0,48344.69921875,48574.5,48078.69921875,48437.55078125,287700.0
2025-03-03 05:30:00+05:30,5849.72021484375,5986.08984375,5810.91015625,5968.330078125,5613850000.0,87.46399688720703,87.46399688720703,87.24169921875,87.46399688720703,0.0,2890.199951171875,2891.800048828125,2863.39990234375,2872.699951171875,423.0,68.37000274658203,70.5999984741211,67.88999938964844,69.94999694824219,332751.0,22.780000686645508,24.309999465942383,19.25,19.829999923706055,0.0,48114.30078125,48574.69921875,47841.30078125,48478.6015625,151000.0
2025-03-04 05:30:00+05:30,5778.14990234375,5865.080078125,5732.58984375,5811.97998046875,6138110000.0,87.32959747314453,87.3949966430664,87.1229019165039,87.32959747314453,0.0,2909.60009765625,2927.89990234375,2886.10009765625,2886.10009765625,885.0,68.26000213623047,68.55999755859375,66.7699966430664,68.45999908447266,386750.0,23.510000228881836,26.350000381469727,21.709999084472656,22.959999084472656,0.0,48245.19921875,48374.8984375,47924.75,47942.5,139300.0
2025-03-05 05:30:00+05:30,5842.6298828125,5860.58984375,5742.35009765625,5781.35986328125,5285970000.0,87.21700286865234,87.33540344238281,86.82479858398438,87.21700286865234,0.0,2915.300048828125,2922.0,2893.0,2916.699951171875,551.0,66.30999755859375,68.0999984741211,65.22000122070312,68.08000183105469,382493.0,21.93000030517578,24.84000015258789,21.3700008392334,23.030000686645508,0.0,48489.94921875,48657.6484375,48190.25,48241.30078125,127800.0
2025-03-06 05:30:00+05:30,5738.52001953125,5812.080078125,5711.64013671875,5785.8701171875,5165080000.0,86.88929748535156,87.14189910888672,86.82330322265625,86.88929748535156,0.0,2916.60009765625,2918.60009765625,2903.800048828125,2904.0,870.0,66.36000061035156,67.08999633789062,65.58999633789062,66.38999938964844,341632.0,24.8700008392334,25.920000076293945,22.389999389648438,22.600000381469727,0.0,48627.69921875,48839.1015625,48299.3984375,48760.0,137400.0
2025-03-07 05:30:00+05:30,5770.2001953125,5783.009765625,5666.2900390625,5726.009765625,5705140000.0,87.12879943847656,87.20469665527344,86.85759735107422,87.12879943847656,0.0,2904.699951171875,2927.300048828125,2900.5,2900.89990234375,531.0,67.04000091552734,68.22000122070312,66.12000274658203,66.33999633789062,329710.0,23.3700008392334,26.559999465942383,23.09000015258789,24.850000381469727,0.0,48497.5,48709.05078125,48359.3515625,48463.80078125,106000.0
2025-03-10 05:30:00+05:30,5614.56005859375,5705.3701171875,5564.02001953125,5705.3701171875,6409370000.0,87.07379913330078,87.36419677734375,86.87249755859375,87.07379913330078,0.0,2891.0,2915.10009765625,2880.199951171875,2910.10009765625,55.0,66.02999877929688,67.5999984741211,65.80000305175781,67.11000061035156,249633.0,27.860000610351562,29.559999465942383,24.68000030517578,24.700000762939453,0.0,48216.80078125,48599.1484375,48124.6484375,48312.0,123800.0
2025-03-11 05:30:00+05:30,5572.06982421875,5636.2998046875,5528.41015625,5603.64990234375,6221240000.0,87.3551025390625,87.3917007446289,87.14250183105469,87.3551025390625,0.0,2912.89990234375,2916.699951171875,2880.39990234375,2884.39990234375,197.0,66.25,67.16999816894531,65.29000091552734,65.94999694824219,222511.0,26.920000076293945,29.56999969482422,26.18000030517578,27.940000534057617,0.0,47853.94921875,48029.05078125,47702.8984375,47874.80078125,222400.0
2025-03-12 05:30:00+05:30,5599.2998046875,5642.18994140625,5546.08984375,5624.83984375,5219830000.0,87.20010375976562,87.30490112304688,87.09880065917969,87.20010375976562,0.0,2939.10009765625,2939.10009765625,2910.0,2912.0,213.0,67.68000030517578,67.87999725341797,66.1500015258789,66.62000274658203,246675.0,24.229999542236328,26.90999984741211,23.889999389648438,26.8799991607666,0.0,48056.6484375,48222.1484375,47844.94921875,47894.3984375,243300.0
2025-03-13 05:30:00+05:30,5521.52001953125,5597.77978515625,5504.64990234375,5594.4501953125,5018980000.0,87.3405990600586,87.3405990600586,86.92859649658203,87.3405990600586,0.0,2984.300048828125,2988.0,2935.199951171875,2937.10009765625,2366.0,66.55000305175781,67.94000244140625,66.37000274658203,67.69000244140625,268590.0,24.65999984741211,26.1299991607666,23.459999084472656,24.920000076293945,0.0,48060.3984375,48352.44921875,48006.1015625,48219.1484375,145900.0
2025-03-14 05:30:00+05:30,5638.93994140625,5645.27001953125,5563.85009765625,5563.85009765625,4863180000.0,86.9220962524414,86.99569702148438,86.86630249023438,86.9220962524414,0.0,2994.5,3004.800048828125,2986.0,2994.39990234375,1800.0,67.18000030517578,67.4800033569336,66.58999633789062,66.77999877929688,180495.0,21.770000457763672,24.360000610351562,21.479999542236328,24.350000381469727,0.0,48060.3984375,48352.44921875,48006.1015625,48219.1484375,145900.0
2025-03-17 05:30:00+05:30,5675.1201171875,5703.52001953125,5631.1201171875,5635.60009765625,5031770000.0,86.93900299072266,86.96980285644531,86.69049835205078,86.93900299072266,0.0,3000.0,3001.5,2989.0,2991.0,214.0,67.58000183105469,68.37000274658203,67.25,67.3499984741211,161298.0,20.510000228881836,22.950000762939453,20.31999969482422,22.889999389648438,0.0,48354.1484375,48481.3515625,48196.1015625,48219.55078125,131300.0
2025-03-18 05:30:00+05:30,5614.66015625,5654.52978515625,5597.759765625,5654.52978515625,4666270000.0,86.91639709472656,86.91809844970703,86.51290130615234,86.91639709472656,0.0,3035.10009765625,3039.199951171875,3004.39990234375,3006.39990234375,428.0,66.9000015258789,68.72000122070312,66.55999755859375,67.4000015258789,110338.0,21.700000762939453,22.56999969482422,20.40999984741211,20.829999923706055,0.0,49314.5,49400.30078125,48629.44921875,48792.8984375,146600.0
2025-03-19 05:30:00+05:30,5675.2900390625,5715.330078125,5622.2001953125,5632.3701171875,4660090000.0,86.57610321044922,86.66000366210938,86.27469635009766,86.57610321044922,0.0,3035.89990234375,3050.89990234375,3030.89990234375,3035.199951171875,175.0,67.16000366210938,67.62999725341797,66.20999908447266,66.72000122070312,73077.0,19.899999618530273,22.100000381469727,19.420000076293945,21.84000015258789,0.0,49702.6015625,49807.55078125,49324.80078125,49375.3984375,137600.0
2025-03-20 05:30:00+05:30,5662.89013671875,5711.14990234375,5632.330078125,5646.919921875,4678420000.0,86.33709716796875,86.39900207519531,86.17639923095703,86.33709716796875,0.0,3040.0,3047.300048828125,3034.39990234375,3047.300048828125,185.0,68.26000213623047,68.47000122070312,66.87999725341797,67.29000091552734,283376.0,19.799999237060547,21.170000076293945,19.299999237060547,19.520000457763672,0.0,50062.8515625,50155.30078125,49771.6484375,49947.6015625,115700.0
2025-03-21 05:30:00+05:30,5667.56005859375,5670.83984375,5603.10009765625,5630.72998046875,9367460000.0,86.33609771728516,86.34120178222656,85.92990112304688,86.33609771728516,0.0,3018.199951171875,3037.5,3000.89990234375,3034.5,151.0,68.27999877929688,68.6500015258789,67.6500015258789,68.3499984741211,198964.0,19.280000686645508,21.139999389648438,19.149999618530273,20.020000457763672,0.0,50593.55078125,50672.1484375,49891.94921875,49927.1015625,225500.0
2025-03-24 05:30:00+05:30,5767.56982421875,5775.14013671875,5718.080078125,5718.080078125,4517990000.0,85.98699951171875,86.03800201416016,85.47200012207031,85.98699951171875,0.0,3013.10009765625,3024.300048828125,3006.0,3024.300048828125,137.0,69.11000061035156,69.33000183105469,67.94999694824219,68.3499984741211,247024.0,17.479999542236328,19.139999389648438,17.459999084472656,19.1299991607666,0.0,51704.94921875,51801.1484375,50795.8984375,50982.69921875,180400.0
2025-03-25 05:30:00+05:30,5776.64990234375,5786.9501953125,5760.419921875,5775.9599609375,4467340000.0,85.53209686279297,85.82869720458984,85.53099822998047,85.53209686279297,0.0,3023.699951171875,3028.800048828125,3023.699951171875,3026.39990234375,74.0,69.0,69.68000030517578,68.5199966430664,69.16000366210938,258411.0,17.149999618530273,17.770000457763672,17.020000457763672,17.579999923706055,0.0,51607.94921875,52063.94921875,51429.6015625,51874.19921875,185200.0
2025-03-26 05:30:00+05:30,5712.2001953125,5783.6201171875,5694.41015625,5771.66015625,4183140000.0,85.59040069580078,85.85980224609375,85.59310150146484,85.59040069580078,0.0,3020.89990234375,3033.199951171875,3019.5,3033.199951171875,83.0,69.6500015258789,70.22000122070312,69.05999755859375,69.16000366210938,262413.0,18.329999923706055,19.06999969482422,16.969999313354492,17.229999542236328,0.0,51209.0,51875.80078125,51069.1484375,51640.05078125,152900.0
2025-03-27 05:30:00+05:30,5693.31005859375,5732.27978515625,5670.93994140625,5695.64013671875,4403460000.0,86.09539794921875,86.09629821777344,85.63300323486328,86.09539794921875,0.0,3060.199951171875,3065.0,3025.5,3025.5,124359.0,69.91999816894531,69.97000122070312,69.12000274658203,69.95999908447266,211825.0,18.690000534057617,19.280000686645508,17.950000762939453,18.360000610351562,0.0,51575.8515625,51714.3515625,51050.8515625,51084.69921875,415800.0
2025-03-28 05:30:00+05:30,5580.93994140625,5685.89013671875,5572.419921875,5679.2001953125,4513330000.0,85.69490051269531,85.78099822998047,85.4186019897461,85.69490051269531,0.0,3086.5,3094.89990234375,3066.800048828125,3069.699951171875,31206.0,69.36000061035156,70.08999633789062,68.87000274658203,69.91000366210938,246650.0,21.649999618530273,22.18000030517578,18.920000076293945,19.079999923706055,0.0,51564.8515625,51839.1015625,51335.3515625,51608.3984375,171200.0
2025-03-31 05:30:00+05:30,5611.85009765625,5627.56005859375,5488.72998046875,5527.91015625,5257250000.0,85.53880310058594,85.53939819335938,85.2654037475586,85.53880310058594,0.0,3122.800048828125,3132.5,3086.0,3091.0,3438.0,71.4800033569336,71.83000183105469,68.80999755859375,69.43000030517578,313087.0,22.280000686645508,24.799999237060547,21.670000076293945,24.110000610351562,0.0,51564.8515625,51839.1015625,51335.3515625,51608.3984375,171200.0
2025-04-01 05:30:00+05:30,5633.06982421875,5650.56982421875,5558.52001953125,5597.52978515625,4434500000.0,85.46810150146484,85.81729888916016,85.37519836425781,85.46810150146484,0.0,3118.89990234375,3149.5,3104.0,3129.699951171875,1721.0,71.19999694824219,72.0999984741211,71.02999877929688,71.38999938964844,272832.0,21.770000457763672,23.520000457763672,21.579999923706055,22.059999465942383,0.0,50827.5,51683.8515625,50742.0,51178.1484375,176300.0
2025-04-02 05:30:00+05:30,5670.97021484375,5695.31005859375,5571.47998046875,5580.759765625,4243830000.0,85.61009979248047,85.7063980102539,85.39569854736328,85.61009979248047,0.0,3139.89990234375,3168.60009765625,3117.39990234375,3120.699951171875,5946.0,71.70999908447266,72.27999877929688,70.58999633789062,71.19999694824219,286501.0,21.510000228881836,23.65999984741211,20.68000030517578,22.299999237060547,0.0,51348.05078125,51404.19921875,50908.3515625,50966.8984375,149900.0
2025-04-03 05:30:00+05:30,5396.52001953125,5499.52978515625,5390.830078125,5492.740234375,7210470000.0,85.65119934082031,85.910400390625,85.20230102539062,85.65119934082031,0.0,3097.0,3166.89990234375,3052.0,3150.0,5516.0,66.94999694824219,70.41000366210938,65.9800033569336,70.37999725341797,459238.0,30.020000457763672,30.020000457763672,24.93000030517578,26.3799991607666,0.0,51597.3515625,51661.6015625,50906.6484375,50910.0,291200.0
2025-04-04 05:30:00+05:30,5074.080078125,5292.14013671875,5069.89990234375,5292.14013671875,8853500000.0,85.28289794921875,85.63829803466797,84.92500305175781,85.28289794921875,0.0,3012.0,3127.699951171875,3011.0,3110.5,3247.0,61.9900016784668,66.9000015258789,60.45000076293945,66.63999938964844,559638.0,45.310001373291016,45.61000061035156,29.989999771118164,30.1200008392334,0.0,51502.69921875,51893.6015625,51360.3984375,51711.6015625,189600.0
2025-04-07 05:30:00+05:30,5062.25,5246.56982421875,4835.0400390625,4953.7900390625,8691980000.0,85.529296875,86.03240203857422,83.23609924316406,85.529296875,0.0,2951.300048828125,3050.800048828125,2949.699951171875,3016.39990234375,4424.0,60.70000076293945,63.900001525878906,58.95000076293945,61.119998931884766,597617.0,46.97999954223633,60.130001068115234,38.58000183105469,60.130001068115234,0.0,49860.1015625,50426.25,49156.94921875,49336.1015625,236800.0
2025-04-08 05:30:00+05:30,4982.77001953125,5267.47021484375,4910.419921875,5193.56982421875,7408140000.0,86.0270004272461,86.31089782714844,85.81120300292969,86.0270004272461,0.0,2968.39990234375,3014.5,2968.39990234375,2994.0,3213.0,59.58000183105469,61.75,57.880001068115234,61.029998779296875,557655.0,52.33000183105469,57.52000045776367,36.47999954223633,44.040000915527344,0.0,50511.0,50793.69921875,50030.80078125,50388.55078125,162300.0
2025-04-09 05:30:00+05:30,5456.89990234375,5481.33984375,4948.43017578125,4965.27978515625,9489600000.0,86.435302734375,86.74299621582031,86.1312026977539,86.435302734375,0.0,3056.5,3090.39990234375,2965.800048828125,2965.800048828125,2175.0,62.349998474121094,62.93000030517578,55.119998931884766,58.31999969482422,592250.0,33.619998931884766,57.959999084472656,31.899999618530273,50.97999954223633,0.0,50240.1484375,50496.8984375,49910.8515625,50487.1015625,141800.0
2025-04-10 05:30:00+05:30,5268.0498046875,5353.14990234375,5115.27001953125,5353.14990234375,6677140000.0,86.20929718017578,86.3311996459961,85.60369873046875,86.20929718017578,0.0,3155.199951171875,3167.0,3072.10009765625,3073.89990234375,3456.0,60.06999969482422,63.34000015258789,58.7599983215332,62.709999084472656,391826.0,40.720001220703125,54.869998931884766,34.439998626708984,34.439998626708984,0.0,50240.1484375,50496.8984375,49910.8515625,50487.1015625,141800.0
2025-04-11 05:30:00+05:30,5363.35986328125,5381.4599609375,5220.77001953125,5255.56005859375,5602550000.0,86.2603988647461,86.26689910888672,85.93720245361328,86.2603988647461,0.0,3222.199951171875,3235.0,3182.10009765625,3182.10009765625,862.0,61.5,61.869998931884766,59.43000030517578,60.20000076293945,306231.0,37.560001373291016,46.119998931884766,36.849998474121094,40.79999923706055,0.0,51002.3515625,51244.69921875,50634.1015625,50634.1015625,140000.0
2025-04-14 05:30:00+05:30,5405.97021484375,5459.4599609375,5358.02001953125,5441.9599609375,5031440000.0,86.19300079345703,86.20030212402344,85.78579711914062,86.19300079345703,0.0,3204.800048828125,3228.800048828125,3194.5,3215.5,263.0,61.529998779296875,62.68000030517578,60.59000015258789,61.70000076293945,238068.0,30.889999389648438,35.16999816894531,29.75,34.7599983215332,0.0,51002.3515625,51244.69921875,50634.1015625,50634.1015625,140000.0
2025-04-15 05:30:00+05:30,5396.6298828125,5450.41015625,5386.43994140625,5411.990234375,4317110000.0,86.0447998046875,86.04499816894531,85.59089660644531,86.0447998046875,0.0,3218.699951171875,3218.699951171875,3214.0,3216.0,390.0,61.33000183105469,62.060001373291016,60.880001068115234,61.58000183105469,197404.0,30.1200008392334,31.450000762939453,28.290000915527344,30.010000228881836,0.0,52379.5,52486.3515625,51863.30078125,52299.0,203800.0
2025-04-16 05:30:00+05:30,5275.7001953125,5367.240234375,5220.7900390625,5335.75,4607750000.0,85.72669982910156,85.76329803466797,85.50800323486328,85.72669982910156,0.0,3326.60009765625,3334.89990234375,3238.300048828125,3238.300048828125,1874.0,62.470001220703125,62.97999954223633,60.439998626708984,61.540000915527344,213194.0,32.63999938964844,34.959999084472656,29.479999542236328,33.2400016784668,0.0,53117.75,53164.44921875,52471.3515625,52690.8984375,200500.0
2025-04-17 05:30:00+05:30,5282.7001953125,5328.31005859375,5255.580078125,5305.4501953125,4714880000.0,85.62049865722656,85.62560272216797,85.29740142822266,85.62049865722656,0.0,3308.699951171875,3345.0,3287.800048828125,3345.0,824.0,64.68000030517578,64.86000061035156,62.61000061035156,62.630001068115234,111479.0,29.649999618530273,32.54999923706055,29.56999969482422,30.790000915527344,0.0,54290.19921875,54407.19921875,53084.8984375,53153.75,294900.0
2025-04-21 05:30:00+05:30,5158.2001953125,5232.93994140625,5101.6298828125,5232.93994140625,4226340000.0,85.62049865722656,85.62560272216797,85.29740142822266,85.62049865722656,0.0,3406.199951171875,3418.5,3342.199951171875,3342.199951171875,78.0,63.08000183105469,64.41999816894531,62.45000076293945,64.30000305175781,82671.0,33.81999969482422,35.75,31.790000915527344,32.75,0.0,55304.5,55461.6484375,54674.94921875,54891.25,300.0
2025-04-22 05:30:00+05:30,5287.759765625,5309.60986328125,5207.669921875,5207.669921875,4666950000.0,85.15889739990234,85.23139953613281,84.972900390625,85.15889739990234,0.0,3400.800048828125,3485.60009765625,3361.699951171875,3422.199951171875,785.0,64.30999755859375,65.08999633789062,63.43000030517578,63.43000030517578,297928.0,30.56999969482422,32.68000030517578,30.079999923706055,32.61000061035156,0.0,55647.19921875,55961.19921875,55243.55078125,55414.30078125,276900.0
2025-04-23 05:30:00+05:30,5375.85986328125,5469.68994140625,5356.169921875,5395.919921875,5371390000.0,85.2323989868164,85.52120208740234,85.19580078125,85.2323989868164,0.0,3276.300048828125,3370.300048828125,3256.199951171875,3321.199951171875,331.0,62.27000045776367,64.87000274658203,61.529998779296875,64.0,397841.0,28.450000762939453,30.290000915527344,27.110000610351562,28.75,0.0,55370.05078125,56098.69921875,55162.5,56097.1015625,245500.0
2025-04-24 05:30:00+05:30,5484.77001953125,5489.39990234375,5371.9599609375,5381.3798828125,4697710000.0,85.4999008178711,85.66519927978516,85.23690032958984,85.4999008178711,0.0,3332.0,3353.89990234375,3304.89990234375,3305.39990234375,560.0,62.790000915527344,63.310001373291016,61.9900016784668,62.34000015258789,264908.0,26.469999313354492,29.65999984741211,26.360000610351562,28.690000534057617,0.0,55201.3984375,55550.44921875,55088.3984375,55103.8984375,233200.0
2025-04-25 05:30:00+05:30,5525.2099609375,5528.10986328125,5455.85986328125,5489.72998046875,4236580000.0,85.2573013305664,85.66290283203125,85.06079864501953,85.2573013305664,0.0,3282.39990234375,3355.5,3266.10009765625,3355.5,162.0,63.02000045776367,63.40999984741211,61.79999923706055,62.86000061035156,283758.0,24.84000015258789,27.200000762939453,24.84000015258789,26.219999313354492,0.0,54664.05078125,55350.55078125,54176.44921875,55233.55078125,210800.0
2025-04-28 05:30:00+05:30,5528.75,5553.66015625,5468.64013671875,5529.22021484375,4257880000.0,85.38490295410156,85.45850372314453,84.95379638671875,85.38490295410156,0.0,3332.5,3332.5,3284.5,3284.5,1300.0,62.04999923706055,63.91999816894531,61.47999954223633,63.4900016784668,276116.0,25.149999618530273,26.93000030517578,24.700000762939453,25.75,0.0,55432.80078125,55577.3984375,54582.3515625,54610.30078125,178600.0
2025-04-29 05:30:00+05:30,5560.830078125,5571.9501953125,5505.7001953125,5508.8701171875,4747150000.0,85.1603012084961,85.37650299072266,84.95500183105469,85.1603012084961,0.0,3318.800048828125,3340.0,3299.89990234375,3340.0,1278.0,60.41999816894531,62.06999969482422,60.119998931884766,61.869998931884766,312373.0,24.170000076293945,25.989999771118164,23.760000228881836,24.760000228881836,0.0,55391.25,55957.75,55262.3984375,55524.3515625,193900.0
2025-04-30 05:30:00+05:30,5569.06005859375,5581.83984375,5433.240234375,5499.43994140625,5449490000.0,85.1707992553711,85.26390075683594,84.41529846191406,85.1707992553711,0.0,3305.0,3318.699951171875,3268.0,3318.699951171875,207.0,58.209999084472656,60.43000030517578,57.90999984741211,60.15999984741211,419549.0,24.700000762939453,28.170000076293945,24.229999542236328,24.350000381469727,0.0,55087.1484375,55478.25,54723.69921875,55382.3984375,193500.0
2025-05-01 05:30:00+05:30,5604.14013671875,5658.91015625,5597.35009765625,5625.14013671875,4935270000.0,84.53119659423828,84.716796875,84.3406982421875,84.53119659423828,0.0,3210.0,3275.0,3198.60009765625,3272.89990234375,2131.0,59.2400016784668,59.5,56.38999938964844,58.15999984741211,364216.0,24.600000381469727,25.18000030517578,23.299999237060547,23.940000534057617,0.0,55087.1484375,55478.25,54723.69921875,55382.3984375,193500.0
2025-05-02 05:30:00+05:30,5686.669921875,5700.7001953125,5642.27978515625,5645.8798828125,4854380000.0,84.69670104980469,84.74819946289062,83.58270263671875,84.69670104980469,0.0,3231.89990234375,3257.0,3225.0,3239.89990234375,1349.0,58.290000915527344,59.869998931884766,57.7400016784668,58.9900016784668,322096.0,22.68000030517578,24.31999969482422,22.34000015258789,23.6299991607666,0.0,55115.3515625,55691.94921875,54994.3984375,55100.94921875,154200.0
2025-05-05 05:30:00+05:30,5650.3798828125,5683.3798828125,5634.47998046875,5655.31982421875,4358260000.0,84.52629852294922,84.55960083007812,72.96710205078125,84.52629852294922,0.0,3311.300048828125,3315.699951171875,3239.699951171875,3242.699951171875,244.0,57.130001068115234,57.70000076293945,55.29999923706055,56.7599983215332,308387.0,23.639999389648438,24.6299991607666,22.809999465942383,24.25,0.0,54919.5,55345.5,54786.5,55065.80078125,139400.0
2025-05-06 05:30:00+05:30,5606.91015625,5649.580078125,5586.0400390625,5605.8701171875,4717260000.0,84.2208023071289,84.6167984008789,84.2145004272461,84.2208023071289,0.0,3411.39990234375,3430.89990234375,3356.800048828125,3365.5,2357.0,59.09000015258789,59.84000015258789,57.029998779296875,57.25,343893.0,24.760000228881836,25.110000610351562,23.899999618530273,23.969999313354492,0.0,54271.3984375,55036.94921875,54172.94921875,54918.25,198700.0
2025-05-07 05:30:00+05:30,5631.27978515625,5654.72998046875,5578.64013671875,5614.18017578125,4987440000.0,84.79319763183594,84.89129638671875,84.47319793701172,84.79319763183594,0.0,3381.39990234375,3418.699951171875,3364.699951171875,3418.699951171875,1080.0,58.06999969482422,60.2599983215332,57.810001373291016,58.97999954223633,295238.0,23.549999237060547,25.6200008392334,23.290000915527344,24.559999465942383,0.0,54610.8984375,54684.30078125,53919.8984375,54013.3984375,268900.0
2025-05-08 05:30:00+05:30,5663.93994140625,5720.10009765625,5635.3798828125,5663.60009765625,5627400000.0,84.81719970703125,85.88359832763672,84.52200317382812,84.81719970703125,0.0,3296.60009765625,3390.0,3288.699951171875,3390.0,200.0,59.90999984741211,60.290000915527344,57.7400016784668,57.93000030517578,281000.0,22.479999542236328,23.610000610351562,21.8799991607666,22.84000015258789,0.0,54365.6484375,54937.25,54108.0,54801.75,302200.0
2025-05-09 05:30:00+05:30,5659.91015625,5691.68994140625,5644.14990234375,5679.64990234375,4645090000.0,86.08219909667969,86.08290100097656,85.27110290527344,86.08219909667969,0.0,3335.39990234375,3335.5,3299.0,3299.0,216.0,61.02000045776367,61.45000076293945,59.88999938964844,60.25,239640.0,21.899999618530273,22.81999969482422,21.829999923706055,22.399999618530273,0.0,53595.25,54054.80078125,53483.05078125,53595.94921875,179300.0
2025-05-12 05:30:00+05:30,5844.18994140625,5845.3701171875,5786.080078125,5807.2001953125,6014580000.0,85.4083023071289,85.40840148925781,83.71240234375,85.4083023071289,0.0,3220.0,3300.699951171875,3205.0,3300.699951171875,886.0,61.95000076293945,63.61000061035156,61.02000045776367,61.38999938964844,325865.0,18.389999389648438,20.440000534057617,18.139999389648438,19.84000015258789,0.0,55382.8515625,55466.30078125,54558.05078125,54658.75,199600.0
2025-05-13 05:30:00+05:30,5886.5498046875,5906.64013671875,5845.02001953125,5854.14990234375,5516290000.0,84.9656982421875,85.46720123291016,84.60399627685547,84.9656982421875,0.0,3240.300048828125,3251.39990234375,3223.5,3232.0,2424.0,63.66999816894531,63.900001525878906,61.650001525878906,62.0,258795.0,18.219999313354492,18.850000381469727,17.649999618530273,18.690000534057617,0.0,54940.8515625,55499.6484375,54888.5,55233.5,190000.0
2025-05-14 05:30:00+05:30,5892.580078125,5906.5498046875,5872.10986328125,5896.740234375,5233450000.0,85.060302734375,85.51100158691406,84.90249633789062,85.060302734375,0.0,3181.39990234375,3233.0,3171.699951171875,3233.0,3518.0,63.150001525878906,63.68000030517578,62.75,63.619998931884766,225626.0,18.6200008392334,18.81999969482422,18.059999465942383,18.100000381469727,0.0,54801.30078125,55208.6015625,54491.0,55008.55078125,145200.0
2025-05-15 05:30:00+05:30,5916.93017578125,5924.2099609375,5865.16015625,5869.81982421875,4991290000.0,85.48760223388672,85.731201171875,85.20330047607422,85.48760223388672,0.0,3220.699951171875,3228.10009765625,3125.0,3151.0,652.0,61.619998931884766,62.90999984741211,60.470001220703125,62.880001068115234,258404.0,17.829999923706055,19.3799991607666,17.770000457763672,19.190000534057617,0.0,55355.6015625,55490.55078125,54442.30078125,54853.69921875,138400.0
2025-05-16 05:30:00+05:30,5958.3798828125,5958.6201171875,5907.35986328125,5929.08984375,4850850000.0,85.44490051269531,85.67539978027344,85.21700286865234,85.44490051269531,0.0,3182.0,3228.10009765625,3173.89990234375,3227.699951171875,199.0,62.4900016784668,62.709999084472656,61.25,61.70000076293945,121556.0,17.239999771118164,17.959999084472656,17.149999618530273,17.959999084472656,0.0,55354.8984375,55418.8984375,55170.25,55276.0,136000.0
2025-05-19 05:30:00+05:30,5963.60009765625,5968.60986328125,5895.68994140625,5902.8798828125,4144010000.0,85.50029754638672,85.62860107421875,85.33300018310547,85.50029754638672,0.0,3228.89990234375,3241.0,3228.300048828125,3234.39990234375,266.0,62.689998626708984,63.400001525878906,61.56999969482422,62.75,95570.0,18.139999389648438,19.920000076293945,17.920000076293945,19.84000015258789,0.0,55420.69921875,55695.55078125,55296.55078125,55326.05078125,138100.0
2025-05-20 05:30:00+05:30,5940.4599609375,5953.06005859375,5909.259765625,5944.66015625,4416850000.0,85.37210083007812,85.63849639892578,85.36109924316406,85.37210083007812,0.0,3280.300048828125,3293.199951171875,3207.5,3219.0,356.0,62.560001373291016,63.16999816894531,62.189998626708984,62.68000030517578,250414.0,18.09000015258789,18.68000030517578,17.700000762939453,18.459999084472656,0.0,54877.3515625,55568.3515625,54829.44921875,55445.30078125,143400.0
2025-05-21 05:30:00+05:30,5844.60986328125,5938.3701171875,5830.91015625,5910.18017578125,5254250000.0,85.53610229492188,85.68470001220703,85.46710205078125,85.53610229492188,0.0,3309.300048828125,3317.5,3290.199951171875,3293.39990234375,979.0,61.56999969482422,64.19000244140625,61.279998779296875,62.27000045776367,302702.0,20.8700008392334,21.049999237060547,17.770000457763672,18.770000457763672,0.0,55075.1015625,55336.8515625,54690.80078125,55060.19921875,119500.0
2025-05-22 05:30:00+05:30,5842.009765625,5878.080078125,5825.81982421875,5841.259765625,5157050000.0,85.60030364990234,86.09980010986328,85.4655990600586,85.60030364990234,0.0,3292.300048828125,3328.0,3282.699951171875,3327.300048828125,1210.0,61.20000076293945,61.75,60.25,61.33000183105469,258549.0,20.280000686645508,22.06999969482422,19.639999389648438,20.6200008392334,0.0,54941.30078125,54996.1015625,54576.6015625,54875.8984375,148200.0
2025-05-23 05:30:00+05:30,5802.81982421875,5829.509765625,5767.41015625,5781.89013671875,4662820000.0,85.97489929199219,86.02279663085938,85.08219909667969,85.97489929199219,0.0,3363.60009765625,3363.60009765625,3323.5,3328.0,47.0,61.529998779296875,61.880001068115234,60.02000045776367,60.810001373291016,273392.0,22.290000915527344,25.530000686645508,19.829999923706055,20.139999389648438,0.0,55398.25,55441.30078125,54854.5,54959.30078125,88900.0
2025-05-26 05:30:00+05:30,5802.81982421875,5829.509765625,5767.41015625,5781.89013671875,4662820000.0,85.19930267333984,85.19950103759766,84.768798828125,85.19930267333984,0.0,3363.60009765625,3363.60009765625,3323.5,3328.0,47.0,61.529998779296875,61.880001068115234,60.02000045776367,60.810001373291016,273392.0,22.290000915527344,25.530000686645508,19.829999923706055,20.139999389648438,0.0,55572.0,55875.75,55307.5,55534.8984375,90800.0
2025-05-27 05:30:00+05:30,5921.5400390625,5924.330078125,5854.06982421875,5854.06982421875,5366380000.0,85.158203125,85.44840240478516,82.0958023071289,85.158203125,0.0,3299.10009765625,3341.0,3296.300048828125,3332.5,189.0,60.88999938964844,62.13999938964844,60.2599983215332,61.70000076293945,291317.0,18.959999084472656,21.010000228881836,18.950000762939453,20.6299991607666,0.0,55352.80078125,55831.3515625,55037.8515625,55458.94921875,145400.0
2025-05-28 05:30:00+05:30,5888.5498046875,5939.919921875,5881.8798828125,5925.5400390625,4665050000.0,85.3604965209961,85.72149658203125,85.24729919433594,85.3604965209961,0.0,3293.60009765625,3293.60009765625,3293.60009765625,3293.60009765625,127758.0,61.84000015258789,62.540000915527344,60.849998474121094,61.040000915527344,260374.0,19.309999465942383,19.43000030517578,18.68000030517578,19.209999084472656,0.0,55417.0,55521.80078125,55235.55078125,55328.6015625,128300.0
2025-05-29 05:30:00+05:30,5912.169921875,5943.1298828125,5873.7998046875,5939.9599609375,4569750000.0,85.38590240478516,85.61409759521484,85.38590240478516,85.38590240478516,0.0,3317.10009765625,3328.800048828125,3242.39990234375,3283.699951171875,24370.0,60.939998626708984,63.06999969482422,60.54999923706055,61.83000183105469,299859.0,19.18000030517578,20.200000762939453,18.110000610351562,18.25,0.0,55546.05078125,55782.75,55096.44921875,55571.3984375,185700.0
2025-05-30 05:30:00+05:30,5911.68994140625,5922.14013671875,5843.66015625,5903.669921875,6378540000.0,85.36129760742188,85.64140319824219,85.23860168457031,85.36129760742188,0.0,3288.89990234375,3318.0,3270.89990234375,3315.10009765625,2213.0,60.790000915527344,61.720001220703125,59.7400016784668,60.939998626708984,384927.0,18.56999969482422,20.549999237060547,18.56999969482422,19.610000610351562,0.0,55749.69921875,55813.30078125,55356.6015625,55615.55078125,281100.0
2025-06-02 05:30:00+05:30,5935.93994140625,5937.39990234375,5861.43017578125,5896.68017578125,4832240000.0,85.52429962158203,85.62169647216797,85.28410339355469,85.52429962158203,0.0,3370.60009765625,3380.800048828125,3296.89990234375,3296.89990234375,976.0,62.52000045776367,63.880001068115234,61.060001373291016,61.11000061035156,403580.0,18.360000610351562,20.450000762939453,18.360000610351562,19.809999465942383,0.0,55903.3984375,55966.30078125,55400.55078125,55598.25,211300.0
2025-06-03 05:30:00+05:30,5970.3701171875,5981.35009765625,5929.0,5938.56005859375,5026680000.0,85.36370086669922,85.70449829101562,85.28520202636719,85.36370086669922,0.0,3350.199951171875,3390.0,3331.300048828125,3385.10009765625,6410.0,63.40999984741211,63.88999938964844,62.400001525878906,63.02000045776367,291260.0,17.690000534057617,19.209999084472656,17.639999389648438,18.829999923706055,0.0,55599.94921875,56161.3984375,55455.80078125,56104.80078125,212800.0
2025-06-04 05:30:00+05:30,5970.81005859375,5990.47998046875,5966.10986328125,5978.93994140625,4767050000.0,85.70880126953125,86.010498046875,85.55130004882812,85.70880126953125,0.0,3373.5,3380.0,3344.0,3355.0,207.0,62.849998474121094,63.959999084472656,62.16999816894531,63.36000061035156,321128.0,17.610000610351562,18.06999969482422,17.40999984741211,17.68000030517578,0.0,55676.8515625,55791.0,55408.3515625,55650.3515625,151500.0
2025-06-05 05:30:00+05:30,5939.2998046875,5999.7001953125,5921.2001953125,5985.669921875,5091850000.0,85.9041976928711,86.02770233154297,85.61949920654297,85.9041976928711,0.0,3350.699951171875,3400.0,3343.699951171875,3371.5,731.0,63.369998931884766,63.97999954223633,62.5,62.7599983215332,232423.0,18.479999542236328,18.799999237060547,17.079999923706055,17.68000030517578,0.0,55760.8515625,56010.1484375,55580.44921875,55806.75,141300.0
2025-06-06 05:30:00+05:30,6000.35986328125,6016.8701171875,5978.6298828125,5987.06005859375,4355710000.0,85.87750244140625,85.94000244140625,85.47799682617188,85.87750244140625,0.0,3322.699951171875,3364.300048828125,3306.0,3364.300048828125,81.0,64.58000183105469,64.80000305175781,62.81999969482422,63.33000183105469,310133.0,16.770000457763672,18.350000381469727,16.649999618530273,18.15999984741211,0.0,56578.3984375,56695.0,55534.75,55699.44921875,347000.0
2025-06-09 05:30:00+05:30,6005.8798828125,6021.31005859375,5994.18017578125,6004.6298828125,4642360000.0,85.7853012084961,85.85600280761719,85.48880004882812,85.77899932861328,0.0,3332.10009765625,3334.60009765625,3290.0,3315.60009765625,1887.0,65.29000091552734,65.43000030517578,64.19999694824219,64.80000305175781,235900.0,17.15999984741211,17.719999313354492,16.81999969482422,17.690000534057617,0.0,56839.6015625,57049.5,56792.69921875,57049.5,207500.0
2025-06-10 05:30:00+05:30,6038.81005859375,6043.009765625,6000.27978515625,6009.91015625,4882880000.0,85.75599670410156,85.75599670410156,85.50800323486328,85.75599670410156,0.0,3320.89990234375,3344.300048828125,3302.0,3302.0,65.0,64.9800033569336,66.27999877929688,64.56999969482422,65.45999908447266,279021.0,16.950000762939453,17.989999771118164,16.68000030517578,17.5,0.0,56629.1015625,57015.3984375,56564.1484375,56993.8984375,146000.0
2025-06-11 05:30:00+05:30,6022.240234375,6059.39990234375,6002.31982421875,6049.3798828125,5111550000.0,85.65280151367188,85.6532974243164,85.404296875,85.65280151367188,0.0,3321.300048828125,3356.0,3321.300048828125,3328.0,2106.0,68.1500015258789,68.37000274658203,64.5999984741211,64.76000213623047,378473.0,17.260000228881836,18.09000015258789,16.229999542236328,17.040000915527344,0.0,56459.75,56782.5,56399.3984375,56639.8515625,135300.0
2025-06-12 05:30:00+05:30,6045.259765625,6045.43017578125,6003.8798828125,6009.89990234375,4669500000.0,85.46980285644531,85.71289825439453,85.38050079345703,85.46980285644531,0.0,3380.89990234375,3395.89990234375,3353.39990234375,3363.0,1818.0,68.04000091552734,69.29000091552734,66.72000122070312,69.02999877929688,379394.0,18.020000457763672,18.8700008392334,17.43000030517578,17.8700008392334,0.0,56082.55078125,56611.05078125,55968.5,56480.8984375,135300.0
2025-06-13 05:30:00+05:30,5976.97021484375,6026.16015625,5963.2099609375,6000.56005859375,5258910000.0,85.68840026855469,86.20439910888672,85.62039947509766,85.68840026855469,0.0,3431.199951171875,3444.0,3407.300048828125,3407.300048828125,499.0,72.9800033569336,77.62000274658203,68.48999786376953,68.9000015258789,715652.0,20.81999969482422,22.0,18.8799991607666,21.760000228881836,0.0,55527.3515625,55688.0,55149.30078125,55149.30078125,142000.0
2025-06-16 05:30:00+05:30,6033.10986328125,6050.830078125,6004.0,6004.0,5111710000.0,86.24919891357422,86.24120330810547,85.77400207519531,86.24919891357422,0.0,3396.39990234375,3442.0,3385.39990234375,3442.0,480.0,71.7699966430664,77.48999786376953,69.37999725341797,76.54000091552734,367312.0,19.110000610351562,20.219999313354492,18.670000076293945,19.780000686645508,0.0,55944.8984375,55999.8515625,55381.44921875,55554.1015625,107700.0
2025-06-17 05:30:00+05:30,5982.72021484375,6023.25,5974.7998046875,6012.14990234375,4955700000.0,86.10420227050781,86.38980102539062,85.88349914550781,86.10420227050781,0.0,3386.60009765625,3398.300048828125,3376.10009765625,3398.300048828125,1477.0,74.83999633789062,75.54000091552734,71.0,71.11000061035156,154264.0,21.600000381469727,21.790000915527344,19.549999237060547,20.530000686645508,0.0,55714.1484375,56067.30078125,55643.94921875,55975.0,106300.0
2025-06-18 05:30:00+05:30,5980.8701171875,6018.25,5971.89013671875,5987.93017578125,5106470000.0,86.36270141601562,86.54630279541016,86.25260162353516,86.36270141601562,0.0,3389.800048828125,3391.89990234375,3365.10009765625,3385.300048828125,0.0,75.13999938964844,76.06999969482422,72.94000244140625,75.61000061035156,0.0,20.139999389648438,21.579999923706055,19.59000015258789,20.899999618530273,0.0,55828.75,55933.6015625,55511.80078125,55544.94921875,116400.0
2025-06-19 05:30:00+05:30,5980.8701171875,6018.25,5971.89013671875,5987.93017578125,5106470000.0,86.61360168457031,86.90170288085938,86.32530212402344,86.61360168457031,0.0,3389.800048828125,3391.89990234375,3365.10009765625,3385.300048828125,0.0,75.13999938964844,76.06999969482422,72.94000244140625,75.61000061035156,0.0,20.139999389648438,21.579999923706055,19.59000015258789,20.899999618530273,0.0,55577.44921875,55942.44921875,55475.44921875,55784.8515625,131300.0
2025-06-20 05:30:00+05:30,5967.83984375,6018.2001953125,5952.56005859375,5999.669921875,7451500000.0,86.58380126953125,86.76309967041016,86.47100067138672,86.58380126953125,0.0,3368.10009765625,3372.89990234375,3341.0,3350.0,709.0,74.93000030517578,77.58000183105469,74.30000305175781,74.5999984741211,678377.0,20.6200008392334,21.06999969482422,19.110000610351562,20.739999771118164,0.0,56252.8515625,56328.19921875,55566.3984375,55566.69921875,161500.0
2025-06-23 05:30:00+05:30,6025.169921875,6028.77001953125,5943.22998046875,5969.669921875,5597000000.0,86.5802993774414,87.02940368652344,86.55180358886719,86.5802993774414,0.0,3377.699951171875,3387.89990234375,3350.0,3365.89990234375,30.0,68.51000213623047,78.4000015258789,66.5999984741211,78.0,728868.0,19.829999923706055,22.510000228881836,19.81999969482422,21.149999618530273,0.0,56059.3515625,56233.55078125,55779.25,55832.3515625,86800.0
2025-06-24 05:30:00+05:30,6092.18017578125,6101.759765625,6059.25,6061.2099609375,5443690000.0,86.23300170898438,86.35459899902344,85.9000015258789,86.23300170898438,0.0,3317.39990234375,3358.0,3301.0,3358.0,538.0,64.37000274658203,67.83000183105469,64.0,67.73999786376953,541475.0,17.479999542236328,18.719999313354492,17.329999923706055,18.190000534057617,0.0,56461.8984375,56862.0,56276.1484375,56529.44921875,132900.0
2025-06-25 05:30:00+05:30,6092.16015625,6108.509765625,6080.08984375,6104.22998046875,5171110000.0,85.90480041503906,86.1270980834961,85.79019927978516,85.90480041503906,0.0,3327.10009765625,3331.199951171875,3310.60009765625,3321.60009765625,373.0,64.91999816894531,66.02999877929688,64.51000213623047,65.12000274658203,278504.0,16.760000228881836,17.510000228881836,16.68000030517578,17.280000686645508,0.0,56621.1484375,56681.3984375,56420.6484375,56564.5,98700.0
2025-06-26 05:30:00+05:30,6141.02001953125,6146.52001953125,6107.27001953125,6112.08984375,5308140000.0,86.006103515625,86.11810302734375,85.58699798583984,86.006103515625,0.0,3333.5,3333.5,3332.39990234375,3332.39990234375,2058.0,65.23999786376953,66.41999816894531,64.66000366210938,64.9800033569336,233771.0,16.59000015258789,16.780000686645508,16.110000610351562,16.670000076293945,0.0,57206.69921875,57263.44921875,56558.3515625,56693.55078125,176500.0
2025-06-27 05:30:00+05:30,6173.06982421875,6187.68017578125,6132.35009765625,6150.7001953125,7889350000.0,85.66639709472656,85.77970123291016,85.37249755859375,85.66639709472656,0.0,3273.699951171875,3318.699951171875,3253.800048828125,3318.699951171875,284.0,65.5199966430664,66.08999633789062,64.80000305175781,65.30000305175781,236284.0,16.31999969482422,17.290000915527344,16.1200008392334,16.309999465942383,0.0,57443.8984375,57475.3984375,56993.8515625,57234.69921875,238000.0
2025-06-30 05:30:00+05:30,6204.9501953125,6215.080078125,6174.97021484375,6193.35986328125,5782900000.0,85.4552993774414,85.92769622802734,85.24199676513672,85.4552993774414,0.0,3294.39990234375,3306.89990234375,3262.0,3265.89990234375,1242.0,65.11000061035156,65.81999969482422,64.5,65.1500015258789,193289.0,16.729999542236328,17.43000030517578,16.549999237060547,17.190000534057617,0.0,57312.75,57614.5,57193.80078125,57529.94921875,183000.0
2025-07-01 05:30:00+05:30,6198.009765625,6210.77978515625,6177.97021484375,6187.25,6275310000.0,85.71399688720703,85.74169921875,85.45929718017578,85.71399688720703,0.0,3336.699951171875,3354.10009765625,3310.10009765625,3310.10009765625,371.0,65.44999694824219,65.9800033569336,64.66999816894531,64.95999908447266,193162.0,16.829999923706055,17.479999542236328,16.510000228881836,16.979999542236328,0.0,57459.44921875,57533.8515625,57150.3515625,57375.80078125,283300.0
2025-07-02 05:30:00+05:30,6227.419921875,6227.60009765625,6188.2900390625,6193.8798828125,5645710000.0,85.6427993774414,85.77100372314453,85.510498046875,85.6427993774414,0.0,3348.0,3357.5,3329.0,3329.0,39.0,67.44999694824219,67.58000183105469,65.2300033569336,65.55999755859375,265200.0,16.639999389648438,17.3700008392334,16.540000915527344,16.75,0.0,56999.19921875,57628.3984375,56833.80078125,57558.19921875,169600.0
2025-07-03 05:30:00+05:30,6279.35009765625,6284.64990234375,6246.4599609375,6246.4599609375,3378110000.0,85.69409942626953,85.697998046875,85.19270324707031,85.69409942626953,0.0,3331.60009765625,3362.0,3322.300048828125,3362.0,0.0,67.0,67.58000183105469,66.52999877929688,67.5,0.0,16.3799991607666,16.829999923706055,16.139999389648438,16.649999618530273,0.0,56791.94921875,57193.25,56764.1015625,57050.3984375,149900.0
2025-07-04 05:30:00+05:30,6279.35009765625,6284.64990234375,6246.4599609375,6246.4599609375,3378110000.0,85.31909942626953,85.5530014038086,85.30729675292969,85.31909942626953,0.0,3332.5,3342.0,3332.5,3342.0,0.0,66.5,67.18000030517578,66.04000091552734,67.12999725341797,0.0,16.3799991607666,16.829999923706055,16.139999389648438,16.649999618530273,0.0,57031.8984375,57075.1015625,56623.6015625,56825.25,93900.0
2025-07-07 05:30:00+05:30,6229.97998046875,6262.06982421875,6201.0,6259.0400390625,5236740000.0,85.49629974365234,86.03009796142578,85.36100006103516,85.49629974365234,0.0,3332.199951171875,3333.300048828125,3299.199951171875,3305.5,254.0,67.93000030517578,68.31999969482422,65.4000015258789,65.69999694824219,332949.0,17.790000915527344,18.5,17.510000228881836,17.829999923706055,0.0,56949.19921875,57152.19921875,56838.55078125,56938.69921875,103300.0
2025-07-08 05:30:00+05:30,6225.52001953125,6242.7001953125,6217.75,6234.02978515625,5739030000.0,85.89199829101562,85.89240264892578,85.62799835205078,85.89199829101562,0.0,3307.0,3334.5,3287.60009765625,3330.39990234375,909.0,68.33000183105469,68.91000366210938,67.33000183105469,67.95999908447266,219882.0,16.809999465942383,17.440000534057617,16.540000915527344,17.40999984741211,0.0,57256.30078125,57303.30078125,56923.05078125,56942.55078125,105500.0
2025-07-09 05:30:00+05:30,6263.259765625,6269.16015625,6231.43017578125,6243.330078125,4813340000.0,85.7073974609375,85.91590118408203,85.59719848632812,85.7073974609375,0.0,3311.60009765625,3314.0,3282.0,3289.39990234375,114.0,68.37999725341797,68.94000244140625,67.69999694824219,68.18000030517578,223945.0,15.9399995803833,16.760000228881836,15.760000228881836,16.760000228881836,0.0,57213.55078125,57290.6484375,57037.8984375,57199.75,91100.0
2025-07-10 05:30:00+05:30,6280.4599609375,6290.22021484375,6251.43994140625,6266.7998046875,5367350000.0,85.70850372314453,85.76529693603516,85.45500183105469,85.70850372314453,0.0,3317.39990234375,3330.5,3311.60009765625,3323.60009765625,209.0,66.56999969482422,68.6500015258789,66.44999694824219,68.29000091552734,258654.0,15.779999732971191,16.239999771118164,15.699999809265137,16.229999542236328,0.0,56956.0,57363.69921875,56886.6015625,57339.75,102000.0
2025-07-11 05:30:00+05:30,6259.75,6269.43994140625,6237.60009765625,6255.68017578125,4656210000.0,85.73480224609375,85.9052963256836,85.65989685058594,85.73480224609375,0.0,3356.0,3370.0,3330.5,3330.5,776.0,68.44999694824219,68.7699966430664,66.5,66.8499984741211,226297.0,16.399999618530273,17.239999771118164,15.979999542236328,16.40999984741211,0.0,56754.69921875,57091.05078125,56607.75,56843.44921875,95500.0
2025-07-14 05:30:00+05:30,6268.56005859375,6273.31005859375,6239.22021484375,6255.14990234375,4722250000.0,85.82129669189453,86.04319763183594,84.55950164794922,85.82129669189453,0.0,3351.5,3375.5,3350.0,3367.0,583.0,66.9800033569336,69.6500015258789,66.80000305175781,68.68000030517578,263877.0,17.200000762939453,17.850000381469727,16.90999984741211,17.729999542236328,0.0,56765.3515625,56896.30078125,56594.25,56780.75,123000.0
2025-07-15 05:30:00+05:30,6243.759765625,6302.0400390625,6241.68017578125,6295.2900390625,5133670000.0,85.96839904785156,86.0281982421875,85.7437973022461,85.96839904785156,0.0,3329.800048828125,3341.0,3329.800048828125,3341.0,210.0,66.5199966430664,67.12999725341797,66.22000122070312,66.86000061035156,252724.0,17.3799991607666,17.389999389648438,16.559999465942383,16.889999389648438,0.0,57006.6484375,57134.94921875,56707.80078125,56709.19921875,124600.0
2025-07-16 05:30:00+05:30,6263.7001953125,6268.1201171875,6201.58984375,6254.5,5177460000.0,85.99310302734375,86.07129669189453,85.7249984741211,85.99310302734375,0.0,3352.5,3352.89990234375,3329.5,3341.199951171875,10.0,66.37999725341797,67.01000213623047,65.41999816894531,66.7300033569336,248346.0,17.15999984741211,19.479999542236328,16.690000534057617,17.65999984741211,0.0,57168.94921875,57276.55078125,56937.6015625,57111.25,161300.0
2025-07-17 05:30:00+05:30,6297.35986328125,6304.68994140625,6262.27001953125,6263.39990234375,5512290000.0,85.88520050048828,86.13200378417969,85.79499816894531,85.88520050048828,0.0,3340.10009765625,3340.800048828125,3313.800048828125,3313.800048828125,667.0,67.54000091552734,67.69000244140625,66.29000091552734,66.5999984741211,188802.0,16.520000457763672,17.3700008392334,16.479999542236328,17.15999984741211,0.0,56828.80078125,57262.8515625,56780.1484375,57231.94921875,129800.0
2025-07-18 05:30:00+05:30,6296.7900390625,6315.60986328125,6285.27001953125,6312.9501953125,5184700000.0,86.04650115966797,86.22450256347656,85.92539978027344,86.04650115966797,0.0,3353.0,3353.0,3338.199951171875,3338.199951171875,602.0,67.33999633789062,68.95999908447266,67.19999694824219,67.5999984741211,107628.0,16.40999984741211,16.809999465942383,16.280000686645508,16.43000030517578,0.0,56283.0,56705.1484375,56204.8515625,56524.25,141200.0
2025-07-21 05:30:00+05:30,6305.60009765625,6336.080078125,6303.7900390625,6304.740234375,5010840000.0,86.14859771728516,86.33920288085938,85.64600372314453,86.14859771728516,0.0,3401.89990234375,3411.699951171875,3350.300048828125,3350.300048828125,53.0,67.19999694824219,67.76000213623047,66.45999908447266,67.31999969482422,81194.0,16.649999618530273,16.989999771118164,16.299999237060547,16.8700008392334,0.0,56952.75,56983.44921875,56255.69921875,56558.8984375,133700.0
2025-07-22 05:30:00+05:30,6309.6201171875,6316.1201171875,6281.7099609375,6306.60009765625,5662040000.0,86.19529724121094,86.44239807128906,86.04630279541016,86.19529724121094,0.0,3439.199951171875,3441.0,3395.60009765625,3411.0,39.0,66.20999908447266,67.12999725341797,65.98999786376953,67.12000274658203,269991.0,16.5,17.479999542236328,16.43000030517578,16.75,0.0,56756.0,57286.1484375,56692.0,57253.3515625,132800.0
2025-07-23 05:30:00+05:30,6358.91015625,6360.64013671875,6317.490234375,6326.89990234375,5642510000.0,86.3427963256836,86.45800018310547,86.23049926757812,86.3427963256836,0.0,3394.10009765625,3433.89990234375,3388.10009765625,3430.300048828125,63.0,65.25,65.77999877929688,64.70999908447266,65.48999786376953,251825.0,15.369999885559082,16.31999969482422,15.319999694824219,16.229999542236328,0.0,57210.44921875,57249.0,56715.80078125,56918.1484375,129800.0
2025-07-24 05:30:00+05:30,6363.35009765625,6381.31005859375,6360.56982421875,6368.60009765625,5282720000.0,86.39869689941406,86.44139862060547,86.23580169677734,86.39869689941406,0.0,3371.0,3371.0,3367.0,3367.0,1175.0,66.02999877929688,66.38999938964844,65.33000183105469,65.41999816894531,281209.0,15.390000343322754,15.539999961853027,14.949999809265137,15.390000343322754,0.0,57066.05078125,57316.6015625,56850.8984375,57316.6015625,179800.0
2025-07-25 05:30:00+05:30,6388.64013671875,6395.81982421875,6368.52978515625,6370.009765625,4470720000.0,86.4302978515625,86.62740325927734,86.3844985961914,86.4302978515625,0.0,3334.0,3345.0,3326.5,3344.0,67.0,65.16000366210938,66.73999786376953,65.0,66.1500015258789,234283.0,14.930000305175781,15.390000343322754,14.920000076293945,15.329999923706055,0.0,56528.8984375,57170.69921875,56439.3984375,57170.69921875,125100.0
2025-07-28 05:30:00+05:30,6389.77001953125,6401.06982421875,6375.7900390625,6397.68994140625,4565620000.0,86.506103515625,86.72109985351562,86.39959716796875,86.506103515625,0.0,3309.10009765625,3326.800048828125,3309.10009765625,3326.60009765625,533.0,66.70999908447266,67.13999938964844,65.05000305175781,65.1500015258789,262038.0,15.029999732971191,15.539999961853027,15.0,15.149999618530273,0.0,56084.8984375,56578.3984375,55997.44921875,56215.1015625,145700.0
2025-07-29 05:30:00+05:30,6370.85986328125,6409.259765625,6363.919921875,6405.6201171875,5076120000.0,86.77760314941406,87.17400360107422,86.72570037841797,86.77760314941406,0.0,3323.39990234375,3323.39990234375,3323.39990234375,3323.39990234375,113144.0,69.20999908447266,69.76000213623047,66.52999877929688,67.04000091552734,329112.0,15.979999542236328,16.1200008392334,14.699999809265137,14.949999809265137,0.0,56222.0,56296.3984375,55843.25,55881.80078125,145100.0
2025-07-30 05:30:00+05:30,6362.89990234375,6396.5400390625,6336.3798828125,6381.22998046875,5375070000.0,87.06320190429688,87.78589630126953,86.98619842529297,87.06320190429688,0.0,3295.800048828125,3331.800048828125,3263.89990234375,3325.800048828125,19252.0,70.0,70.51000213623047,68.44999694824219,69.33999633789062,345336.0,15.479999542236328,17.270000457763672,15.4399995803833,15.869999885559082,0.0,56150.69921875,56321.1484375,56064.55078125,56310.1015625,139700.0
2025-07-31 05:30:00+05:30,6339.39013671875,6427.02001953125,6327.64013671875,6427.02001953125,6077080000.0,87.714599609375,87.77639770507812,87.2865982055664,87.714599609375,0.0,3293.199951171875,3312.0,3272.89990234375,3272.89990234375,3704.0,69.26000213623047,70.41000366210938,68.55999755859375,70.30000305175781,247031.0,16.719999313354492,17.170000076293945,14.739999771118164,14.989999771118164,0.0,55961.94921875,56406.19921875,55547.3515625,55728.1484375,182800.0
2025-08-01 05:30:00+05:30,6238.009765625,6287.27978515625,6212.68994140625,6287.27978515625,5827150000.0,87.4894027709961,87.74120330810547,87.143798828125,87.4894027709961,0.0,3347.699951171875,3360.60009765625,3281.0,3286.199951171875,3420.0,67.33000183105469,69.58000183105469,67.05000305175781,69.3499984741211,355819.0,20.3799991607666,21.899999618530273,17.389999389648438,17.399999618530273,0.0,55617.6015625,56097.6015625,55562.1015625,55897.1484375,98900.0
2025-08-04 05:30:00+05:30,6329.93994140625,6330.68994140625,6271.7099609375,6271.7099609375,4842580000.0,87.24530029296875,87.98999786376953,87.06950378417969,87.24530029296875,0.0,3374.39990234375,3386.5,3347.39990234375,3367.60009765625,351.0,66.29000091552734,67.73999786376953,65.45999908447266,66.8499984741211,277375.0,17.520000457763672,19.579999923706055,17.479999542236328,19.559999465942383,0.0,55619.3515625,55752.44921875,55437.30078125,55557.5,131100.0
2025-08-05 05:30:00+05:30,6299.18994140625,6346.0,6289.3701171875,6336.6298828125,5517410000.0,87.89330291748047,88.07949829101562,87.6729965209961,87.89330291748047,0.0,3381.89990234375,3387.199951171875,3351.199951171875,3378.5,915.0,65.16000366210938,66.38999938964844,65.02999877929688,66.20999908447266,279030.0,17.850000381469727,18.940000534057617,17.110000610351562,17.209999084472656,0.0,55360.25,55648.1484375,55202.8515625,55545.05078125,105700.0
2025-08-06 05:30:00+05:30,6345.06005859375,6352.830078125,6301.10986328125,6309.2998046875,5408560000.0,87.72309875488281,87.84300231933594,87.6238021850586,87.72309875488281,0.0,3380.0,3383.300048828125,3361.300048828125,3380.699951171875,1492.0,64.3499984741211,66.75,63.63999938964844,65.1500015258789,353827.0,16.770000457763672,17.8799991607666,16.559999465942383,17.219999313354492,0.0,55411.1484375,55559.3984375,55227.69921875,55329.80078125,117600.0
2025-08-07 05:30:00+05:30,6340.0,6389.7099609375,6310.31982421875,6374.31982421875,5306090000.0,87.76249694824219,87.79180145263672,87.33300018310547,87.76249694824219,0.0,3400.300048828125,3422.89990234375,3384.89990234375,3384.89990234375,5464.0,63.880001068115234,65.11000061035156,63.70000076293945,64.36000061035156,300518.0,16.56999969482422,17.639999389648438,15.979999542236328,16.40999984741211,0.0,55521.1484375,55614.80078125,54973.55078125,55215.6484375,95500.0
2025-08-08 05:30:00+05:30,6389.4501953125,6395.16015625,6355.22021484375,6355.22021484375,4769910000.0,87.43319702148438,87.73799896240234,87.39430236816406,87.43319702148438,0.0,3439.10009765625,3477.0,3402.5,3438.800048828125,7657.0,63.880001068115234,64.58000183105469,62.77000045776367,63.849998474121094,322939.0,15.149999618530273,16.520000457763672,15.149999618530273,16.479999542236328,0.0,55004.8984375,55652.6015625,54905.6015625,55609.3515625,97300.0
2025-08-11 05:30:00+05:30,6373.4501953125,6407.25,6364.06005859375,6389.669921875,4652400000.0,87.48829650878906,87.75579833984375,87.46640014648438,87.48829650878906,0.0,3353.10009765625,3383.89990234375,3349.199951171875,3383.89990234375,1488.0,63.959999084472656,64.44000244140625,63.02000045776367,63.47999954223633,234807.0,16.25,16.360000610351562,15.520000457763672,15.8100004196167,0.0,55510.75,55582.1484375,54927.55078125,54999.3515625,105200.0
2025-08-12 05:30:00+05:30,6445.759765625,6446.5498046875,6385.759765625,6395.169921875,5135300000.0,87.66449737548828,87.73989868164062,87.53690338134766,87.66449737548828,0.0,3348.89990234375,3356.199951171875,3330.10009765625,3356.199951171875,1611.0,63.16999816894531,64.33999633789062,63.060001373291016,64.0,304441.0,14.729999542236328,16.559999465942383,14.65999984741211,16.09000015258789,0.0,55043.69921875,55566.69921875,55001.5,55441.1015625,74700.0
2025-08-13 05:30:00+05:30,6466.580078125,6480.27978515625,6445.02001953125,6462.669921875,5195950000.0,87.59559631347656,87.71700286865234,87.37590026855469,87.59559631347656,0.0,3358.699951171875,3363.39990234375,3358.699951171875,3358.800048828125,1011.0,62.650001525878906,63.380001068115234,61.939998626708984,63.06999969482422,298939.0,14.489999771118164,14.8100004196167,14.300000190734863,14.619999885559082,0.0,55181.44921875,55340.05078125,55026.94921875,55340.05078125,80100.0
2025-08-14 05:30:00+05:30,6468.5400390625,6473.919921875,6441.06982421875,6453.4599609375,4462050000.0,87.44999694824219,87.68060302734375,87.38790130615234,87.44999694824219,0.0,3335.199951171875,3356.0,3328.89990234375,3346.800048828125,592.0,63.959999084472656,64.0999984741211,62.58000183105469,62.790000915527344,251652.0,14.829999923706055,15.390000343322754,14.569999694824219,14.65999984741211,0.0,55341.8515625,55472.80078125,55074.30078125,55102.55078125,74200.0
2025-08-15 05:30:00+05:30,6449.7998046875,6481.33984375,6441.85009765625,6477.3798828125,4575060000.0,87.69180297851562,87.70819854736328,87.39689636230469,87.69180297851562,0.0,3336.0,3346.800048828125,3335.89990234375,3346.800048828125,1185.0,62.79999923706055,64.1500015258789,62.68000030517578,63.90999984741211,197390.0,15.09000015258789,15.180000305175781,14.399999618530273,14.430000305175781,0.0,55341.8515625,55472.80078125,55074.30078125,55102.55078125,74200.0
2025-08-18 05:30:00+05:30,6449.14990234375,6455.35009765625,6437.7001953125,6445.02001953125,4162290000.0,87.51280212402344,87.54039764404297,87.3136978149414,87.51280212402344,0.0,3331.699951171875,3347.800048828125,3331.699951171875,3333.5,646.0,63.41999816894531,63.790000915527344,62.18000030517578,63.0,95113.0,14.989999771118164,15.949999809265137,14.949999809265137,15.729999542236328,0.0,55734.8984375,56156.30078125,55647.6484375,55940.6015625,101700.0
2025-08-19 05:30:00+05:30,6411.3701171875,6456.47998046875,6400.22021484375,6446.240234375,4377440000.0,87.29509735107422,87.37049865722656,86.90910339355469,87.29509735107422,0.0,3313.39990234375,3343.5,3313.39990234375,3330.199951171875,1655.0,62.349998474121094,63.38999938964844,62.25,63.27000045776367,99484.0,15.569999694824219,15.90999984741211,14.760000228881836,15.229999542236328,0.0,55865.1484375,55965.55078125,55608.1484375,55622.30078125,89300.0
2025-08-20 05:30:00+05:30,6395.77978515625,6408.39990234375,6343.85986328125,6406.6201171875,4470390000.0,87.0791015625,87.1666030883789,86.9800033569336,87.0791015625,0.0,3343.39990234375,3343.5,3310.10009765625,3310.60009765625,1213.0,63.209999084472656,63.54999923706055,62.38999938964844,62.599998474121094,280663.0,15.6899995803833,17.190000534057617,15.569999694824219,15.949999809265137,0.0,55698.5,55812.6015625,55577.3515625,55751.5,69100.0
2025-08-21 05:30:00+05:30,6370.169921875,6393.64990234375,6352.7099609375,6380.830078125,4013560000.0,87.01820373535156,87.32649993896484,86.92410278320312,87.01820373535156,0.0,3336.89990234375,3349.39990234375,3326.5,3349.39990234375,142.0,63.52000045776367,63.66999816894531,62.52000045776367,62.849998474121094,250166.0,16.600000381469727,17.239999771118164,15.649999618530273,15.720000267028809,0.0,55755.44921875,55993.6484375,55708.19921875,55972.05078125,70300.0
2025-08-22 05:30:00+05:30,6466.91015625,6478.89013671875,6384.58984375,6384.58984375,5046860000.0,87.29340362548828,87.54810333251953,87.177001953125,87.29340362548828,0.0,3374.39990234375,3377.699951171875,3349.39990234375,3349.39990234375,1240.0,63.65999984741211,63.93000030517578,63.310001373291016,63.5,223169.0,14.220000267028809,16.829999923706055,14.210000038146973,16.809999465942383,0.0,55149.3984375,55745.0,55102.6015625,55669.25,77100.0
2025-08-25 05:30:00+05:30,6439.31982421875,6466.89013671875,6438.06005859375,6457.669921875,4059070000.0,87.3301010131836,87.60800170898438,87.23400115966797,87.3301010131836,0.0,3373.800048828125,3378.0,3366.0,3366.0,1044.0,64.80000305175781,65.0999984741211,63.529998779296875,63.880001068115234,185270.0,14.789999961853027,15.1899995803833,14.239999771118164,15.050000190734863,0.0,55139.30078125,55306.0,55048.3984375,55147.75,79900.0
2025-08-26 05:30:00+05:30,6465.93994140625,6468.3701171875,6429.2099609375,6435.490234375,4867680000.0,87.60859680175781,87.79000091552734,87.52279663085938,87.60859680175781,0.0,3388.60009765625,3396.5,3371.10009765625,3378.89990234375,905.0,63.25,64.76000213623047,63.130001068115234,64.75,199101.0,14.619999885559082,15.75,14.619999885559082,15.75,0.0,54450.44921875,55068.8984375,54396.1015625,54999.05078125,123800.0
2025-08-27 05:30:00+05:30,6481.39990234375,6487.06005859375,6457.83984375,6462.259765625,4143680000.0,87.60070037841797,87.9885025024414,87.60070037841797,87.60070037841797,0.0,3404.60009765625,3404.60009765625,3382.0,3397.0,3222.0,64.1500015258789,64.2300033569336,62.95000076293945,63.310001373291016,193476.0,14.850000381469727,15.229999542236328,14.65999984741211,14.65999984741211,0.0,54450.44921875,55068.8984375,54396.1015625,54999.05078125,123800.0
2025-08-28 05:30:00+05:30,6501.85986328125,6508.22998046875,6466.9599609375,6483.83984375,4283760000.0,87.65910339355469,87.68299865722656,87.50920104980469,87.65910339355469,0.0,3431.800048828125,3434.60009765625,3400.0,3409.0,1035.0,64.5999984741211,64.69999694824219,63.349998474121094,63.869998931884766,208931.0,14.430000305175781,14.6899995803833,14.119999885559082,14.420000076293945,0.0,53820.3515625,54382.25,53768.44921875,54256.0,134300.0
2025-08-29 05:30:00+05:30,6460.259765625,6491.759765625,6444.56982421875,6489.27978515625,4234840000.0,87.5916976928711,88.28939819335938,87.51010131835938,87.5916976928711,0.0,3473.699951171875,3475.60009765625,3426.60009765625,3432.5,0.0,64.01000213623047,64.55000305175781,63.880001068115234,64.26000213623047,0.0,15.359999656677246,15.970000267028809,14.3100004196167,14.3100004196167,0.0,53655.6484375,54086.0,53606.44921875,53660.3515625,103900.0
2025-09-01 05:30:00+05:30,6460.259765625,6491.759765625,6444.56982421875,6489.27978515625,4234840000.0,88.17430114746094,88.32150268554688,87.9302978515625,88.17430114746094,0.0,3473.699951171875,3475.60009765625,3426.60009765625,3432.5,0.0,64.01000213623047,64.55000305175781,63.880001068115234,64.26000213623047,0.0,15.359999656677246,15.970000267028809,14.3100004196167,14.3100004196167,0.0,54002.44921875,54035.8515625,53658.1484375,53658.1484375,78000.0
2025-09-02 05:30:00+05:30,6415.5400390625,6416.5400390625,6360.580078125,6401.509765625,4784000000.0,88.00140380859375,88.18800354003906,87.81549835205078,88.00140380859375,0.0,3549.39990234375,3559.199951171875,3485.699951171875,3485.699951171875,658.0,65.58999633789062,66.02999877929688,63.65999984741211,63.95000076293945,320218.0,17.170000076293945,19.3799991607666,16.549999237060547,16.649999618530273,0.0,53661.0,54160.94921875,53578.0,54038.25,77500.0
2025-09-03 05:30:00+05:30,6448.259765625,6453.669921875,6416.169921875,6445.81982421875,4465360000.0,87.99829864501953,88.17980194091797,87.9749984741211,87.99829864501953,0.0,3593.199951171875,3593.699951171875,3553.199951171875,3554.800048828125,72.0,63.970001220703125,65.72000122070312,63.720001220703125,65.62000274658203,298737.0,16.350000381469727,17.56999969482422,16.34000015258789,17.399999618530273,0.0,54067.55078125,54136.1484375,53561.75,53630.75,100100.0
2025-09-04 05:30:00+05:30,6502.080078125,6502.5400390625,6445.97998046875,6456.60009765625,4670770000.0,88.072998046875,88.36029815673828,87.9749984741211,88.072998046875,0.0,3565.800048828125,3573.60009765625,3549.89990234375,3549.89990234375,237.0,63.47999954223633,63.84000015258789,62.720001220703125,63.81999969482422,251689.0,15.300000190734863,16.350000381469727,15.279999732971191,16.219999313354492,0.0,54075.44921875,54450.55078125,53971.8515625,54379.6015625,120000.0
2025-09-05 05:30:00+05:30,6481.5,6532.64990234375,6443.97998046875,6529.080078125,5066120000.0,88.19290161132812,88.35340118408203,87.80010223388672,88.19290161132812,0.0,3613.199951171875,3613.199951171875,3567.800048828125,3567.800048828125,925.0,61.869998931884766,63.4900016784668,61.45000076293945,63.33000183105469,294540.0,15.180000305175781,16.920000076293945,14.739999771118164,15.229999542236328,0.0,54114.55078125,54308.05078125,53719.55078125,54308.05078125,79900.0
2025-09-08 05:30:00+05:30,6495.14990234375,6508.669921875,6483.2900390625,6498.08984375,5211500000.0,88.1863021850586,88.2229995727539,87.82779693603516,88.1863021850586,0.0,3638.10009765625,3641.0,3590.0,3594.5,97.0,62.2599983215332,63.34000015258789,61.849998474121094,62.0,237288.0,15.109999656677246,15.649999618530273,14.989999771118164,15.579999923706055,0.0,54186.8984375,54518.69921875,54067.1484375,54215.3984375,76300.0
2025-09-09 05:30:00+05:30,6512.60986328125,6518.22998046875,6483.080078125,6503.330078125,4798350000.0,87.98049926757812,88.21929931640625,87.90010070800781,87.98049926757812,0.0,3643.300048828125,3670.39990234375,3627.800048828125,3647.10009765625,535.0,62.630001068115234,63.66999816894531,62.369998931884766,62.43000030517578,268529.0,15.039999961853027,15.819999694824219,14.970000267028809,15.020000457763672,0.0,54216.1015625,54350.6484375,54079.44921875,54330.55078125,93800.0
2025-09-10 05:30:00+05:30,6532.0400390625,6555.97021484375,6516.33984375,6550.2900390625,5253010000.0,88.21829986572266,88.24929809570312,87.97789764404297,88.21829986572266,0.0,3643.60009765625,3655.39990234375,3620.800048828125,3625.0,136.0,63.66999816894531,64.08000183105469,62.720001220703125,62.7400016784668,260684.0,15.350000381469727,15.630000114440918,14.630000114440918,14.979999542236328,0.0,54536.0,54705.19921875,54400.0,54554.75,116900.0
2025-09-11 05:30:00+05:30,6587.47021484375,6592.89013671875,6545.7998046875,6554.41015625,5426460000.0,88.05339813232422,88.49099731445312,88.02660369873047,88.05339813232422,0.0,3636.89990234375,3636.89990234375,3618.39990234375,3632.89990234375,307.0,62.369998931884766,63.79999923706055,62.209999084472656,63.79999923706055,222661.0,14.710000038146973,15.239999771118164,14.649999618530273,15.1899995803833,0.0,54669.6015625,54757.44921875,54402.3984375,54413.05078125,96900.0
2025-09-12 05:30:00+05:30,6584.2900390625,6600.2099609375,6579.490234375,6590.66015625,4641640000.0,88.2676010131836,88.40850067138672,88.21690368652344,88.2676010131836,0.0,3649.39990234375,3656.800048828125,3643.0,3655.5,1300.0,62.689998626708984,63.97999954223633,61.689998626708984,62.27000045776367,313265.0,14.760000228881836,14.970000267028809,14.40999984741211,14.619999885559082,0.0,54809.30078125,54852.25,54580.3515625,54781.55078125,80100.0
2025-09-15 05:30:00+05:30,6615.27978515625,6619.6201171875,6602.06982421875,6603.490234375,5045020000.0,88.27729797363281,88.2970962524414,88.1260986328125,88.27729797363281,0.0,3682.199951171875,3686.39990234375,3635.10009765625,3640.0,210.0,63.29999923706055,63.66999816894531,62.52000045776367,62.970001220703125,205560.0,15.6899995803833,15.84000015258789,14.920000076293945,15.140000343322754,0.0,54887.8515625,55018.69921875,54807.5,54884.05078125,72000.0
2025-09-16 05:30:00+05:30,6606.759765625,6626.990234375,6600.10986328125,6624.1298828125,5359510000.0,88.12349700927734,88.15509796142578,87.97969818115234,88.12349700927734,0.0,3688.89990234375,3698.60009765625,3681.39990234375,3681.39990234375,373.0,64.5199966430664,64.76000213623047,62.88999938964844,63.310001373291016,234250.0,16.360000610351562,16.3799991607666,15.4399995803833,15.600000381469727,0.0,55147.6015625,55185.44921875,54777.75,54778.3984375,98700.0
2025-09-17 05:30:00+05:30,6600.35009765625,6624.39013671875,6551.14990234375,6604.8701171875,5805340000.0,87.88459777832031,87.91310119628906,87.7157974243164,87.88459777832031,0.0,3681.800048828125,3685.199951171875,3661.60009765625,3669.0,183.0,64.05000305175781,64.66999816894531,63.689998626708984,64.58999633789062,165427.0,15.720000267028809,16.75,15.260000228881836,16.420000076293945,0.0,55493.30078125,55540.75,55146.55078125,55158.3515625,155300.0
2025-09-18 05:30:00+05:30,6631.9599609375,6656.7998046875,6611.89013671875,6626.85009765625,5292400000.0,87.91069793701172,88.28880310058594,87.80690002441406,87.91069793701172,0.0,3643.699951171875,3667.39990234375,3637.0,3654.60009765625,80.0,63.56999969482422,64.55000305175781,63.33000183105469,63.9900016784668,82321.0,15.699999809265137,15.800000190734863,14.329999923706055,14.930000305175781,0.0,55727.44921875,55835.25,55490.8984375,55797.1015625,134300.0
2025-09-19 05:30:00+05:30,6664.35986328125,6671.81982421875,6630.31005859375,6647.10986328125,9125960000.0,88.20690155029297,88.32949829101562,88.0625991821289,88.20690155029297,0.0,3671.5,3685.89990234375,3658.199951171875,3659.0,211.0,62.68000030517578,63.650001525878906,62.599998474121094,63.59000015258789,87165.0,15.449999809265137,16.1299991607666,15.289999961853027,15.760000228881836,0.0,55458.8515625,55688.75,55355.30078125,55647.94921875,190000.0
2025-09-22 05:30:00+05:30,6693.75,6698.8798828125,6648.06982421875,6654.27978515625,5642620000.0,88.09919738769531,88.33670043945312,88.09919738769531,88.09919738769531,0.0,3740.699951171875,3748.199951171875,3688.0,3688.199951171875,410.0,62.63999938964844,63.18000030517578,61.97999954223633,62.7400016784668,223779.0,16.100000381469727,16.350000381469727,15.779999732971191,16.139999389648438,0.0,55284.75,55666.3515625,55215.6015625,55429.30078125,118600.0
2025-09-23 05:30:00+05:30,6656.919921875,6699.52001953125,6645.580078125,6692.43994140625,5633620000.0,88.30439758300781,88.80809783935547,88.23500061035156,88.30439758300781,0.0,3780.60009765625,3786.0,3740.0,3747.0,627.0,63.40999984741211,63.88999938964844,61.849998474121094,62.33000183105469,265948.0,16.639999389648438,17.06999969482422,15.949999809265137,16.100000381469727,0.0,55509.75,55662.0,55159.0,55248.69921875,171200.0
2025-09-24 05:30:00+05:30,6637.97021484375,6672.66015625,6621.759765625,6669.7900390625,5459180000.0,88.80799865722656,88.9312973022461,88.67250061035156,88.80799865722656,0.0,3732.10009765625,3772.5,3732.10009765625,3769.800048828125,588.0,64.98999786376953,65.05000305175781,63.25,63.63999938964844,282721.0,16.18000030517578,17.209999084472656,16.18000030517578,16.56999969482422,0.0,55121.5,55511.1015625,55040.44921875,55387.1015625,172000.0
2025-09-25 05:30:00+05:30,6604.72021484375,6619.0,6569.22021484375,6608.18994140625,5874670000.0,88.77860260009766,88.80039978027344,88.59010314941406,88.77860260009766,0.0,3736.89990234375,3756.0,3724.699951171875,3742.800048828125,1899.0,64.9800033569336,65.33999633789062,64.05999755859375,64.80000305175781,258353.0,16.739999771118164,17.739999771118164,16.31999969482422,16.549999237060547,0.0,54976.19921875,55276.6484375,54903.30078125,55061.6484375,158400.0
2025-09-26 05:30:00+05:30,6643.7001953125,6648.97021484375,6604.43017578125,6615.3798828125,5103110000.0,88.77310180664062,88.77909851074219,88.61430358886719,88.77310180664062,0.0,3775.300048828125,3775.300048828125,3775.300048828125,3775.300048828125,19308.0,65.72000122070312,66.41999816894531,64.66000366210938,65.19999694824219,284990.0,15.289999961853027,17.049999237060547,15.289999961853027,16.889999389648438,0.0,54389.3515625,54897.0,54310.94921875,54797.8984375,127700.0
2025-09-29 05:30:00+05:30,6661.2099609375,6677.31005859375,6644.490234375,6661.580078125,5358760000.0,88.67680358886719,88.79399871826172,88.5875015258789,88.67680358886719,0.0,3820.89990234375,3827.60009765625,3754.800048828125,3754.800048828125,8860.0,63.45000076293945,65.4000015258789,62.97999954223633,65.06999969482422,294292.0,16.1200008392334,16.290000915527344,15.739999771118164,15.84000015258789,0.0,54461.0,54686.05078125,54226.6015625,54460.3984375,218300.0
2025-09-30 05:30:00+05:30,6688.4599609375,6691.25,6641.0,6656.18994140625,6057210000.0,88.70449829101562,88.87529754638672,88.64579772949219,88.70449829101562,0.0,3840.800048828125,3865.5,3793.39990234375,3827.5,1611.0,62.369998931884766,63.2599983215332,62.029998779296875,63.13999938964844,271649.0,16.280000686645508,16.700000762939453,16.020000457763672,16.489999771118164,0.0,54635.8515625,54793.05078125,54502.94921875,54705.5,206900.0
2025-10-01 05:30:00+05:30,6711.2001953125,6718.47998046875,6656.2001953125,6664.919921875,6037950000.0,88.8406982421875,88.8541030883789,88.6323013305664,88.8406982421875,0.0,3867.5,3891.89990234375,3853.300048828125,3863.5,1778.0,61.779998779296875,62.88999938964844,61.400001525878906,62.459999084472656,274339.0,16.290000915527344,17.280000686645508,15.979999542236328,17.280000686645508,0.0,55347.94921875,55406.75,54582.55078125,54653.8984375,173000.0
2025-10-02 05:30:00+05:30,6715.35009765625,6731.93994140625,6693.22998046875,6731.31005859375,5416130000.0,88.68299865722656,88.92150115966797,88.57060241699219,88.68299865722656,0.0,3839.699951171875,3888.60009765625,3823.699951171875,3856.199951171875,3418.0,60.47999954223633,62.540000915527344,60.400001525878906,61.779998779296875,290507.0,16.6299991607666,16.920000076293945,15.930000305175781,16.1200008392334,0.0,55347.94921875,55406.75,54582.55078125,54653.8984375,173000.0
2025-10-03 05:30:00+05:30,6715.7900390625,6750.8701171875,6705.669921875,6722.14013671875,5713110000.0,88.72019958496094,88.7957992553711,88.6635971069336,88.72019958496094,0.0,3880.800048828125,3886.800048828125,3853.699951171875,3855.199951171875,392.0,60.880001068115234,61.380001068115234,60.54999923706055,60.70000076293945,240044.0,16.649999618530273,17.059999465942383,16.200000762939453,16.350000381469727,0.0,55589.25,55616.44921875,55177.0,55182.6015625,156900.0
2025-10-06 05:30:00+05:30,6740.27978515625,6749.52001953125,6717.77978515625,6733.85986328125,5604460000.0,88.73509979248047,88.87969970703125,88.69200134277344,88.73509979248047,0.0,3948.5,3960.0,3926.800048828125,3931.300048828125,1267.0,61.689998626708984,62.119998931884766,61.040000915527344,61.13999938964844,224682.0,16.3700008392334,17.09000015258789,16.290000915527344,16.739999771118164,0.0,56104.8515625,56164.19921875,55727.25,55834.69921875,162600.0
2025-10-07 05:30:00+05:30,6714.58984375,6754.490234375,6699.9599609375,6746.14013671875,5546150000.0,88.72109985351562,88.77249908447266,88.68180084228516,88.72109985351562,0.0,3976.60009765625,3981.5,3940.0,3959.39990234375,2903.0,61.72999954223633,62.11000061035156,60.720001220703125,61.72999954223633,245121.0,17.239999771118164,17.549999237060547,16.190000534057617,16.579999923706055,0.0,56239.3515625,56502.44921875,56025.05078125,56126.3984375,153700.0
2025-10-08 05:30:00+05:30,6753.72021484375,6755.64013671875,6718.08984375,6723.8701171875,5383130000.0,88.74259948730469,88.91950225830078,88.71910095214844,88.74259948730469,0.0,4043.300048828125,4049.199951171875,3987.199951171875,3987.199951171875,2179.0,62.54999923706055,62.91999816894531,62.04999923706055,62.04999923706055,273318.0,16.299999237060547,17.200000762939453,16.229999542236328,17.170000076293945,0.0,56018.25,56303.6015625,55821.0,56098.5,133600.0
2025-10-09 05:30:00+05:30,6735.10986328125,6764.580078125,6716.169921875,6760.5,5385020000.0,88.7771987915039,88.86080169677734,88.70439910888672,88.7771987915039,0.0,3946.300048828125,4046.199951171875,3940.0,4011.199951171875,3130.0,61.5099983215332,62.869998931884766,61.25,62.310001373291016,259171.0,16.43000030517578,17.270000457763672,16.260000228881836,16.309999465942383,0.0,56192.05078125,56286.25,55843.8984375,55979.0,118000.0
2025-10-10 05:30:00+05:30,6552.509765625,6762.39990234375,6550.77978515625,6740.490234375,6596610000.0,88.86540222167969,88.8656005859375,88.4928970336914,88.86540222167969,0.0,3975.89990234375,4012.0,3945.5,3957.0,1697.0,58.900001525878906,61.66999816894531,58.220001220703125,61.4900016784668,339103.0,21.65999984741211,22.440000534057617,16.229999542236328,16.360000610351562,0.0,56609.75,56760.25,56152.44921875,56168.6015625,163000.0
2025-10-13 05:30:00+05:30,6654.72021484375,6668.68017578125,6620.7099609375,6622.52978515625,5303960000.0,88.7573013305664,88.80269622802734,88.56159973144531,88.7573013305664,0.0,4108.60009765625,4111.0,4016.0,4016.0,1697.0,59.4900016784668,60.16999816894531,59.0,59.0,339103.0,19.030000686645508,20.770000457763672,18.610000610351562,19.450000762939453,0.0,56625.0,56770.8984375,56327.3984375,56337.05078125,123500.0
2025-10-14 05:30:00+05:30,6644.31005859375,6680.7001953125,6555.06982421875,6602.490234375,5666920000.0,88.66510009765625,88.81790161132812,88.60079956054688,88.66510009765625,0.0,4138.7001953125,4160.10009765625,4085.800048828125,4131.7001953125,2424.0,58.70000076293945,59.81999969482422,57.68000030517578,59.58000183105469,259200.0,20.809999465942383,22.940000534057617,19.18000030517578,21.459999084472656,0.0,56496.44921875,56721.30078125,56230.1484375,56598.6484375,129800.0
2025-10-15 05:30:00+05:30,6671.06005859375,6724.1201171875,6612.10986328125,6688.27001953125,5633060000.0,88.78250122070312,88.78269958496094,87.95980072021484,88.78250122070312,0.0,4176.89990234375,4210.60009765625,4145.0,4145.0,3287.0,58.27000045776367,59.41999816894531,58.20000076293945,58.599998474121094,224919.0,20.639999389648438,22.440000534057617,19.110000610351562,20.020000457763672,0.0,56799.8984375,56922.69921875,56491.8515625,56528.94921875,123700.0
2025-10-16 05:30:00+05:30,6629.06982421875,6709.33984375,6593.990234375,6689.02001953125,6048180000.0,87.80950164794922,88.00150299072266,87.53189849853516,87.80950164794922,0.0,4280.2001953125,4307.0,4196.60009765625,4198.7998046875,4705.0,57.459999084472656,59.11000061035156,57.2599983215332,58.77000045776367,203866.0,25.309999465942383,25.43000030517578,19.850000381469727,20.489999771118164,0.0,57422.55078125,57525.80078125,56994.69921875,57139.94921875,148600.0
2025-10-17 05:30:00+05:30,6664.009765625,6678.8798828125,6603.759765625,6613.27001953125,5358120000.0,87.9906997680664,88.09400177001953,87.689697265625,87.9906997680664,0.0,4189.89990234375,4358.0,4182.2001953125,4354.7001953125,4060.0,57.540000915527344,57.720001220703125,56.599998474121094,57.5,108748.0,20.780000686645508,28.989999771118164,20.729999542236328,28.40999984741211,0.0,57713.3515625,57830.19921875,57238.6484375,57362.8984375,147200.0
2025-10-20 05:30:00+05:30,6735.1298828125,6744.35009765625,6690.0498046875,6690.0498046875,4672170000.0,88.0022964477539,88.01129913330078,87.49960327148438,88.0022964477539,0.0,4336.39990234375,4356.60009765625,4214.60009765625,4244.10009765625,1750.0,57.52000045776367,57.810001373291016,56.349998474121094,57.72999954223633,108146.0,18.229999542236328,21.020000457763672,18.229999542236328,20.530000686645508,0.0,58033.19921875,58261.55078125,57872.8515625,57872.8515625,341700.0
2025-10-21 05:30:00+05:30,6735.35009765625,6752.16015625,6722.02978515625,6736.75,5245020000.0,87.87999725341797,88.08360290527344,87.84190368652344,87.87999725341797,0.0,4087.699951171875,4332.7001953125,4087.699951171875,4332.7001953125,2943.0,57.81999969482422,58.279998779296875,56.9900016784668,57.369998931884766,314207.0,17.8700008392334,18.889999389648438,17.399999618530273,18.649999618530273,0.0,58007.19921875,58155.55078125,57887.19921875,58063.3984375,39000.0
2025-10-22 05:30:00+05:30,6699.39990234375,6741.75,6655.68994140625,6741.33984375,5710010000.0,88.00160217285156,87.99810028076172,87.61039733886719,88.00160217285156,0.0,4044.39990234375,4148.5,4006.0,4109.7001953125,1237.0,58.5,59.83000183105469,57.34000015258789,57.59000015258789,378637.0,18.600000381469727,21.010000228881836,17.729999542236328,17.84000015258789,0.0,58007.19921875,58155.55078125,57887.19921875,58063.3984375,39000.0
2025-10-23 05:30:00+05:30,6738.43994140625,6749.52978515625,6700.14013671875,6703.64990234375,5565750000.0,87.74030303955078,88.03109741210938,87.71610260009766,87.74030303955078,0.0,4125.5,4136.7998046875,4070.699951171875,4078.39990234375,354.0,61.790000915527344,62.20000076293945,59.63999938964844,59.939998626708984,735186.0,17.299999237060547,19.350000381469727,17.079999923706055,18.360000610351562,0.0,58078.05078125,58577.5,57951.44921875,58314.55078125,291600.0
2025-10-24 05:30:00+05:30,6791.68994140625,6807.10986328125,6772.06982421875,6772.06982421875,5058220000.0,87.77899932861328,87.8582992553711,87.63600158691406,87.77899932861328,0.0,4118.39990234375,4120.60009765625,4074.89990234375,4117.5,123.0,61.5,62.59000015258789,61.209999084472656,61.790000915527344,373744.0,16.3700008392334,17.219999313354492,16.020000457763672,17.020000457763672,0.0,57699.6015625,58232.8984375,57482.05078125,58172.75,132100.0
2025-10-27 05:30:00+05:30,6875.16015625,6877.27978515625,6843.93994140625,6845.4599609375,5290650000.0,87.8290023803711,88.31719970703125,87.70939636230469,87.8290023803711,0.0,4001.89990234375,4078.60009765625,3971.300048828125,4060.0,220.0,61.310001373291016,62.16999816894531,60.66999816894531,61.81999969482422,272191.0,15.789999961853027,16.06999969482422,15.619999885559082,15.729999542236328,0.0,58114.25,58224.55078125,57652.75,57796.44921875,153000.0
2025-10-28 05:30:00+05:30,6890.89013671875,6911.2998046875,6870.72998046875,6897.740234375,5695930000.0,88.22209930419922,88.41649627685547,88.15979766845703,88.22209930419922,0.0,3966.199951171875,3966.199951171875,3923.60009765625,3929.699951171875,219.0,60.150001525878906,61.5,59.7599983215332,61.5,307568.0,16.420000076293945,16.549999237060547,15.65999984741211,15.949999809265137,0.0,58214.1015625,58313.80078125,57770.3515625,58006.55078125,256100.0
2025-10-29 05:30:00+05:30,6890.58984375,6920.33984375,6851.91015625,6910.9501953125,6280130000.0,88.22550201416016,88.45020294189453,88.13819885253906,88.22550201416016,0.0,3983.699951171875,3983.699951171875,3983.699951171875,3983.699951171875,1344.0,60.47999954223633,61.02000045776367,59.70000076293945,60.18000030517578,276875.0,16.920000076293945,17.579999923706055,16.260000228881836,16.34000015258789,0.0,58385.25,58469.8984375,58087.05078125,58316.25,151800.0
2025-10-30 05:30:00+05:30,6822.33984375,6880.75,6820.68994140625,6860.5,6052700000.0,88.34559631347656,88.7511978149414,88.29679870605469,88.34559631347656,0.0,4001.300048828125,4027.199951171875,3913.699951171875,3960.0,935.0,60.56999969482422,60.790000915527344,59.63999938964844,60.38999938964844,247917.0,16.90999984741211,17.40999984741211,15.729999542236328,16.260000228881836,0.0,58031.1015625,58331.19921875,57999.19921875,58152.05078125,223000.0
2025-10-31 05:30:00+05:30,6840.2001953125,6879.169921875,6814.259765625,6879.169921875,6398280000.0,88.6344985961914,88.9115982055664,88.5636978149414,88.6344985961914,0.0,3982.199951171875,4034.5,3976.60009765625,4034.5,559.0,60.97999954223633,61.380001068115234,59.9900016784668,60.29999923706055,278598.0,17.440000534057617,18.540000915527344,15.960000038146973,16.43000030517578,0.0,57776.3515625,58254.94921875,57656.94921875,57942.44921875,307900.0
2025-11-03 05:30:00+05:30,6851.97021484375,6882.31982421875,6820.6201171875,6882.31982421875,6065720000.0,88.77539825439453,88.91500091552734,88.68930053710938,88.77539825439453,0.0,4000.300048828125,4020.0,3959.0,3976.199951171875,0.0,61.04999923706055,61.5,60.5099983215332,61.400001525878906,0.0,17.170000076293945,18.829999923706055,17.0,18.059999465942383,0.0,58101.44921875,58247.55078125,57718.3984375,57726.8515625,27800.0
2025-11-04 05:30:00+05:30,6771.5498046875,6820.2099609375,6766.7099609375,6788.52001953125,5739510000.0,88.72339630126953,88.77449798583984,88.30650329589844,88.72339630126953,0.0,3947.699951171875,3995.39990234375,3927.39990234375,3994.199951171875,657.0,60.560001373291016,61.029998779296875,59.939998626708984,61.029998779296875,219300.0,19.0,20.479999542236328,17.899999618530273,19.729999542236328,0.0,57827.05078125,58119.6484375,57732.94921875,57966.6484375,168600.0
2025-11-05 05:30:00+05:30,6796.2900390625,6829.77978515625,6763.10986328125,6769.77001953125,5939600000.0,88.73200225830078,88.78450012207031,88.54920196533203,88.73200225830078,0.0,3980.300048828125,3983.5,3929.89990234375,3929.89990234375,559.0,59.599998474121094,61.09000015258789,59.52000045776367,60.43000030517578,292518.0,18.010000228881836,20.020000457763672,17.309999465942383,19.3700008392334,0.0,57827.05078125,58119.6484375,57732.94921875,57966.6484375,168600.0
2025-11-06 05:30:00+05:30,6720.31982421875,6796.68017578125,6707.509765625,6787.58984375,6051900000.0,88.55690002441406,88.68170166015625,88.4114990234375,88.55690002441406,0.0,3979.89990234375,4007.5,3979.89990234375,4004.0,650.0,59.43000030517578,60.5099983215332,58.83000183105469,59.68000030517578,277768.0,19.5,20.309999465942383,17.639999389648438,18.360000610351562,0.0,57554.25,57945.05078125,57521.0,57714.80078125,170400.0
2025-11-07 05:30:00+05:30,6728.7998046875,6730.10986328125,6631.43994140625,6696.18017578125,5926070000.0,88.6729965209961,88.72039794921875,88.6001968383789,88.6729965209961,0.0,3999.39990234375,3999.39990234375,3980.800048828125,3980.800048828125,245.0,59.75,60.459999084472656,59.31999969482422,59.650001525878906,259446.0,19.079999923706055,22.719999313354492,19.079999923706055,19.520000457763672,0.0,57876.80078125,58001.3515625,57157.8515625,57391.3984375,142400.0
2025-11-10 05:30:00+05:30,6832.43017578125,6841.31982421875,6770.56005859375,6785.35986328125,5366050000.0,88.65799713134766,88.74230194091797,88.51419830322266,88.65799713134766,0.0,4111.7998046875,4111.7998046875,4060.0,4060.0,189.0,60.130001068115234,60.47999954223633,59.40999984741211,59.869998931884766,222879.0,17.600000381469727,18.81999969482422,17.600000381469727,18.579999923706055,0.0,57937.55078125,58097.19921875,57846.19921875,57846.19921875,123400.0
2025-11-11 05:30:00+05:30,6846.60986328125,6855.1298828125,6806.8701171875,6815.64013671875,4983490000.0,88.70709991455078,88.71649932861328,88.41960144042969,88.70709991455078,0.0,4106.7998046875,4140.10009765625,4106.7998046875,4140.10009765625,569.0,61.040000915527344,61.279998779296875,59.65999984741211,60.06999969482422,264427.0,17.280000686645508,18.010000228881836,17.25,17.899999618530273,0.0,58138.1484375,58187.3515625,57594.25,57962.30078125,119600.0
2025-11-12 05:30:00+05:30,6850.919921875,6869.91015625,6829.6201171875,6867.77001953125,5293610000.0,88.46649932861328,88.65370178222656,88.46649932861328,88.46649932861328,0.0,4204.39990234375,4204.39990234375,4102.89990234375,4115.60009765625,396.0,58.4900016784668,61.060001373291016,58.29999923706055,61.04999923706055,329517.0,17.510000228881836,18.059999465942383,17.100000381469727,17.209999084472656,0.0,58274.6484375,58507.69921875,58171.8515625,58505.3515625,149300.0
2025-11-13 05:30:00+05:30,6737.490234375,6828.0498046875,6724.72021484375,6826.47021484375,5473720000.0,88.59400177001953,88.79910278320312,88.58209991455078,88.59390258789062,0.0,4186.89990234375,4228.7001953125,4163.7001953125,4228.7001953125,167.0,58.689998626708984,59.209999084472656,58.119998931884766,58.470001220703125,247349.0,20.0,21.309999465942383,17.510000228881836,17.610000610351562,0.0,58381.94921875,58615.94921875,58127.1015625,58158.75,121200.0
2025-11-14 05:30:00+05:30,6734.10986328125,6774.31005859375,6646.8701171875,6672.14013671875,5042660000.0,88.81610107421875,88.81620025634766,88.63249969482422,88.81620025634766,0.0,4087.60009765625,4197.89990234375,4047.0,4197.7001953125,483.0,60.09000015258789,60.650001525878906,58.709999084472656,58.709999084472656,334116.0,19.829999923706055,23.030000686645508,19.559999465942383,21.329999923706055,0.0,58517.55078125,58590.1484375,58050.0,58050.0,114800.0
2025-11-17 05:30:00+05:30,6672.41015625,6754.5,6638.89990234375,6713.60986328125,5204220000.0,88.68199920654297,88.74349975585938,88.56430053710938,88.68199920654297,0.0,4068.300048828125,4099.5,4019.39990234375,4070.0,1552.0,59.90999984741211,60.439998626708984,59.31999969482422,59.79999923706055,189638.0,22.3799991607666,23.440000534057617,19.540000915527344,19.579999923706055,0.0,58962.69921875,59001.55078125,58605.30078125,58696.30078125,157500.0
2025-11-18 05:30:00+05:30,6617.31982421875,6666.6298828125,6574.31982421875,6641.18994140625,5159390000.0,88.63590240478516,88.69400024414062,88.53569793701172,88.63590240478516,0.0,4061.300048828125,4063.39990234375,4035.60009765625,4037.39990234375,1375.0,60.7400016784668,60.93000030517578,59.310001373291016,59.7400016784668,105325.0,24.690000534057617,25.84000015258789,22.90999984741211,23.540000915527344,0.0,58899.25,59103.6484375,58798.8984375,58990.5,145500.0
2025-11-19 05:30:00+05:30,6642.16015625,6689.75,6603.5,6625.83984375,5021610000.0,88.55680084228516,88.6082992553711,88.40899658203125,88.55699920654297,0.0,4077.699951171875,4122.7001953125,4072.0,4086.10009765625,486.0,59.439998626708984,60.790000915527344,58.77000045776367,60.619998931884766,79622.0,23.65999984741211,24.790000915527344,21.93000030517578,24.520000457763672,0.0,59216.05078125,59264.25,58688.55078125,58908.1484375,149800.0
2025-11-20 05:30:00+05:30,6538.759765625,6770.35009765625,6534.0498046875,6737.93017578125,5596080000.0,88.48719787597656,88.73829650878906,88.4635009765625,88.48729705810547,0.0,4056.5,4090.39990234375,4040.199951171875,4045.0,202.0,59.13999938964844,60.33000183105469,58.86000061035156,59.630001068115234,324282.0,26.420000076293945,28.270000457763672,19.280000686645508,20.780000686645508,0.0,59347.69921875,59440.1015625,59125.25,59308.19921875,120000.0
2025-11-21 05:30:00+05:30,6602.990234375,6660.0498046875,6521.919921875,6555.77001953125,5929930000.0,88.69219970703125,89.72579956054688,88.60279846191406,88.69229888916016,0.0,4076.699951171875,4085.199951171875,4031.800048828125,4031.800048828125,171.0,58.060001373291016,58.79999923706055,57.380001068115234,58.79999923706055,345014.0,23.43000030517578,27.84000015258789,22.540000915527344,25.969999313354492,0.0,58867.69921875,59232.1484375,58823.6484375,59116.69921875,121400.0
2025-11-24 05:30:00+05:30,6705.1201171875,6715.75,6630.7001953125,6636.5400390625,6039740000.0,89.63400268554688,89.64129638671875,89.01580047607422,89.63400268554688,0.0,4091.89990234375,4091.89990234375,4060.5,4060.5,591.0,58.84000015258789,59.060001373291016,57.41999816894531,58.04999923706055,238138.0,20.520000457763672,23.68000030517578,20.40999984741211,22.690000534057617,0.0,58835.3515625,59309.8984375,58649.5,58996.8984375,190400.0
2025-11-25 05:30:00+05:30,6765.8798828125,6776.39990234375,6659.97998046875,6697.02978515625,5003330000.0,89.14779663085938,89.26200103759766,88.96649932861328,89.14779663085938,0.0,4139.2001953125,4139.2001953125,4139.2001953125,4139.2001953125,132704.0,57.95000076293945,58.959999084472656,57.099998474121094,58.88999938964844,334442.0,18.559999465942383,21.770000457763672,18.389999389648438,20.549999237060547,0.0,58820.30078125,59166.1484375,58746.19921875,58925.6484375,137400.0
2025-11-26 05:30:00+05:30,6812.60986328125,6831.43994140625,6783.8701171875,6793.5498046875,4485000000.0,89.15059661865234,89.28790283203125,89.1532974243164,89.1532974243164,0.0,4165.2001953125,4171.0,4127.5,4128.60009765625,25088.0,58.650001525878906,58.720001220703125,57.65999984741211,58.04999923706055,228285.0,17.190000534057617,18.700000762939453,16.93000030517578,18.25,0.0,59528.05078125,59554.94921875,58783.05078125,58783.05078125,140200.0
2025-11-27 05:30:00+05:30,6812.60986328125,6831.43994140625,6783.8701171875,6793.5498046875,4485000000.0,89.16300201416016,89.40630340576172,89.13800048828125,89.1624984741211,0.0,4165.2001953125,4171.0,4127.5,4128.60009765625,25088.0,58.650001525878906,58.720001220703125,57.65999984741211,58.04999923706055,228285.0,17.190000534057617,18.700000762939453,16.93000030517578,18.25,0.0,59737.30078125,59866.6015625,59523.0,59605.30078125,137800.0
2025-11-28 05:30:00+05:30,6849.08984375,6850.85986328125,6819.75,6822.52001953125,2558540000.0,89.36479949951172,89.61869812011719,89.05500030517578,89.36489868164062,0.0,4218.2998046875,4223.89990234375,4140.0,4163.39990234375,3615.0,58.54999923706055,59.63999938964844,58.27000045776367,58.58000183105469,153758.0,16.350000381469727,18.520000457763672,15.779999732971191,17.40999984741211,0.0,59752.69921875,59897.5,59598.94921875,59758.69921875,100000.0
2025-12-01 05:30:00+05:30,6812.6298828125,6843.64990234375,6799.93994140625,6812.2998046875,4549370000.0,89.3499984741211,89.7970962524414,89.31659698486328,89.3572998046875,0.0,4239.2998046875,4262.10009765625,4214.89990234375,4218.5,913.0,59.31999969482422,59.970001220703125,58.83000183105469,58.959999084472656,232770.0,17.239999771118164,18.329999923706055,16.579999923706055,18.049999237060547,0.0,59681.3515625,60114.30078125,59527.6015625,60102.05078125,122300.0
2025-12-02 05:30:00+05:30,6829.3701171875,6851.5498046875,6806.7099609375,6830.9599609375,4582290000.0,89.61270141601562,89.99299621582031,89.5802993774414,89.61270141601562,0.0,4186.60009765625,4230.5,4167.0,4230.5,366.0,58.63999938964844,59.66999816894531,58.279998779296875,59.52000045776367,255513.0,16.59000015258789,17.309999465942383,16.389999389648438,17.280000686645508,0.0,59273.80078125,59656.55078125,59251.94921875,59354.19921875,207100.0
2025-12-03 05:30:00+05:30,6849.72021484375,6862.419921875,6810.43017578125,6815.2900390625,4736780000.0,89.91719818115234,90.30400085449219,89.8427963256836,89.91719818115234,0.0,4199.2998046875,4234.10009765625,4195.7001953125,4215.7001953125,1897.0,58.95000076293945,59.63999938964844,58.369998931884766,58.650001525878906,260974.0,16.079999923706055,17.280000686645508,15.930000305175781,16.43000030517578,0.0,59348.25,59414.8984375,58925.69921875,59158.69921875,166400.0
2025-12-04 05:30:00+05:30,6857.1201171875,6866.47021484375,6827.1201171875,6866.47021484375,4872440000.0,90.17050170898438,90.45210266113281,89.72579956054688,90.17060089111328,0.0,4211.7998046875,4211.7998046875,4175.0,4211.0,616.0,59.66999816894531,60.02000045776367,58.810001373291016,59.09000015258789,264993.0,15.779999732971191,16.6299991607666,15.680000305175781,16.229999542236328,0.0,59288.69921875,59548.69921875,59062.1484375,59287.1015625,109600.0
2025-12-05 05:30:00+05:30,6870.39990234375,6895.77978515625,6858.2900390625,6866.31982421875,4944560000.0,89.8364028930664,90.07720184326172,89.6980972290039,89.8364028930664,0.0,4212.89990234375,4255.7001953125,4194.5,4204.10009765625,533.0,60.08000183105469,60.5,59.41999816894531,59.70000076293945,255075.0,15.40999984741211,16.18000030517578,15.279999732971191,15.579999923706055,0.0,59777.19921875,59806.6015625,59106.55078125,59133.19921875,119500.0
2025-12-08 05:30:00+05:30,6846.509765625,6878.27001953125,6827.18994140625,6875.2001953125,4757130000.0,89.93800354003906,90.23870086669922,89.84819793701172,89.93800354003906,0.0,4187.2001953125,4215.7998046875,4175.5,4205.5,318.0,58.880001068115234,60.29999923706055,58.68000030517578,60.150001525878906,263009.0,16.65999984741211,17.09000015258789,16.100000381469727,16.149999618530273,0.0,59238.55078125,59713.1484375,59030.6015625,59672.05078125,131200.0
2025-12-09 05:30:00+05:30,6840.509765625,6864.919921875,6837.43017578125,6840.60986328125,4508050000.0,90.12999725341797,90.16850280761719,89.8053970336914,90.12989807128906,0.0,4206.7001953125,4219.7001953125,4177.7001953125,4190.7001953125,660.0,58.25,59.16999816894531,58.119998931884766,58.869998931884766,260206.0,16.93000030517578,17.200000762939453,16.450000762939453,16.65999984741211,0.0,59222.3515625,59358.25,58878.44921875,58918.8515625,137800.0
2025-12-10 05:30:00+05:30,6886.68017578125,6900.669921875,6824.68994140625,6833.490234375,5526570000.0,89.91690063476562,90.0470962524414,89.7531967163086,89.91699981689453,0.0,4196.39990234375,4234.5,4183.60009765625,4209.0,692.0,58.459999084472656,59.04999923706055,57.65999984741211,58.369998931884766,256508.0,15.770000457763672,17.65999984741211,15.5600004196167,16.940000534057617,0.0,58960.3984375,59440.8984375,58853.8984375,59281.55078125,105200.0
2025-12-11 05:30:00+05:30,6901.0,6903.4599609375,6833.4501953125,6861.2998046875,5021060000.0,89.79299926757812,90.65029907226562,89.79299926757812,89.79299926757812,0.0,4285.5,4286.89990234375,4214.2998046875,4224.0,528.0,57.599998474121094,58.939998626708984,57.0099983215332,58.90999984741211,286808.0,14.850000381469727,16.8799991607666,14.850000381469727,16.84000015258789,0.0,59209.8515625,59423.3515625,58799.8984375,58966.19921875,96900.0
2025-12-12 05:30:00+05:30,6827.41015625,6899.85009765625,6801.7900390625,6886.85009765625,4910160000.0,90.25299835205078,90.64469909667969,90.17530059814453,90.2509994506836,0.0,4300.10009765625,4355.0,4260.0,4276.39990234375,1531.0,57.439998626708984,58.189998626708984,57.150001525878906,57.88999938964844,212806.0,15.739999771118164,17.850000381469727,14.850000381469727,14.989999771118164,0.0,59389.94921875,59545.69921875,59224.8515625,59401.5,107700.0
2025-12-15 05:30:00+05:30,6816.509765625,6861.58984375,6801.490234375,6860.18994140625,4975600000.0,90.5770034790039,90.77239990234375,90.39340209960938,90.5770034790039,0.0,4306.7001953125,4349.2001953125,4292.89990234375,4308.2998046875,854.0,56.81999969482422,57.79999923706055,56.400001525878906,57.5,229310.0,16.5,17.350000381469727,15.989999771118164,16.510000228881836,0.0,59461.80078125,59533.0,59052.30078125,59053.69921875,125200.0
2025-12-16 05:30:00+05:30,6800.259765625,6819.27001953125,6759.740234375,6800.1201171875,4983180000.0,90.77690124511719,91.072998046875,90.75279998779297,90.77690124511719,0.0,4304.5,4321.39990234375,4270.5,4270.5,1796.0,55.27000045776367,56.70000076293945,54.97999954223633,56.68000030517578,230933.0,16.479999542236328,17.610000610351562,16.190000534057617,17.280000686645508,0.0,59034.6015625,59335.25,58966.3515625,59288.75,123300.0
2025-12-17 05:30:00+05:30,6721.43017578125,6812.259765625,6720.43017578125,6802.8798828125,5122120000.0,90.94889831542969,91.06549835205078,89.82060241699219,90.9489974975586,0.0,4347.5,4351.39990234375,4308.5,4308.5,2169.0,55.939998626708984,56.97999954223633,55.20000076293945,55.22999954223633,125608.0,17.6200008392334,18.0,15.819999694824219,16.450000762939453,0.0,58926.75,59127.19921875,58801.3984375,59072.80078125,132700.0
2025-12-18 05:30:00+05:30,6774.759765625,6816.1298828125,6758.5,6778.06005859375,5101190000.0,90.4136962890625,90.4573974609375,90.0458984375,90.41629791259766,0.0,4339.5,4348.10009765625,4328.2001953125,4331.0,705.0,56.150001525878906,57.029998779296875,55.880001068115234,56.900001525878906,85735.0,16.8700008392334,17.68000030517578,15.930000305175781,17.610000610351562,0.0,58912.8515625,59211.0,58712.69921875,58712.69921875,97400.0
2025-12-19 05:30:00+05:30,6834.5,6840.02001953125,6792.6201171875,6792.6201171875,8554470000.0,90.25579833984375,90.29299926757812,89.21189880371094,90.26129913330078,0.0,4361.39990234375,4361.39990234375,4350.10009765625,4350.10009765625,1065.0,56.65999984741211,56.900001525878906,55.81999969482422,56.029998779296875,209264.0,14.90999984741211,16.530000686645508,14.90999984741211,16.309999465942383,0.0,59069.19921875,59140.55078125,58897.5,59047.3984375,179100.0
2025-12-22 05:30:00+05:30,6878.490234375,6882.02978515625,6855.740234375,6865.2099609375,4465030000.0,89.56999969482422,89.77189636230469,89.3949966430664,89.56999969482422,0.0,4444.60009765625,4447.60009765625,4371.10009765625,4371.10009765625,449.0,58.0099983215332,58.130001068115234,56.599998474121094,56.630001068115234,221576.0,14.079999923706055,15.260000228881836,14.029999732971191,15.15999984741211,0.0,59304.0,59371.19921875,59155.5,59224.75,114800.0
2025-12-23 05:30:00+05:30,6909.7900390625,6910.8798828125,6868.81005859375,6872.41015625,3820560000.0,89.60389709472656,89.83300018310547,89.43090057373047,89.60399627685547,0.0,4482.7998046875,4503.7998046875,4450.39990234375,4503.2998046875,694.0,58.380001068115234,58.560001373291016,57.7400016784668,57.95000076293945,183633.0,14.0,14.449999809265137,13.640000343322754,14.09000015258789,0.0,59299.55078125,59402.3515625,59216.75,59334.3515625,91800.0
2025-12-24 05:30:00+05:30,6932.0498046875,6937.31982421875,6904.91015625,6904.91015625,1798270000.0,89.50789642333984,89.8656997680664,89.4229965209961,89.50789642333984,0.0,4480.60009765625,4503.39990234375,4468.39990234375,4500.7001953125,500.0,58.349998474121094,58.75,58.130001068115234,58.470001220703125,111762.0,13.470000267028809,14.15999984741211,13.380000114440918,14.09000015258789,0.0,59183.6015625,59478.1484375,59118.25,59322.94921875,82500.0
2025-12-26 05:30:00+05:30,6929.93994140625,6945.77001953125,6921.60009765625,6936.02001953125,2586550000.0,90.10590362548828,90.10900115966797,89.54869842529297,90.10590362548828,0.0,4529.10009765625,4556.2998046875,4502.0,4512.0,263.0,56.7400016784668,58.880001068115234,56.650001525878906,58.349998474121094,166669.0,13.600000381469727,14.289999961853027,13.520000457763672,14.119999885559082,0.0,59011.3515625,59180.6484375,58947.05078125,59092.8515625,72900.0
2025-12-29 05:30:00+05:30,6905.740234375,6920.2099609375,6888.759765625,6903.60009765625,3541750000.0,89.82929992675781,90.3550033569336,89.76360321044922,89.81430053710938,0.0,4325.10009765625,4379.0,4325.10009765625,4371.5,2044.0,58.08000183105469,58.29999923706055,56.90999984741211,57.040000915527344,178590.0,14.199999809265137,15.079999923706055,13.989999771118164,14.6899995803833,0.0,58932.3515625,59140.3984375,58809.55078125,59007.05078125,106900.0
2025-12-30 05:30:00+05:30,6896.240234375,6913.25,6893.47021484375,6900.43994140625,3309930000.0,89.9000015258789,89.99009704589844,89.68579864501953,89.90019989013672,0.0,4370.10009765625,4403.60009765625,4338.0,4346.39990234375,1837.0,57.95000076293945,58.470001220703125,57.599998474121094,57.810001373291016,143802.0,14.329999923706055,14.619999885559082,14.039999961853027,14.430000305175781,0.0,59171.25,59272.69921875,58737.6015625,58885.94921875,295700.0
2025-12-31 05:30:00+05:30,6845.5,6901.419921875,6844.5498046875,6898.81982421875,3261830000.0,89.76940155029297,89.93800354003906,89.64399719238281,89.76969909667969,0.0,4325.60009765625,4363.7998046875,4285.0,4333.5,785.0,57.41999816894531,58.54999923706055,57.20000076293945,57.95000076293945,157160.0,14.949999809265137,15.170000076293945,14.380000114440918,14.770000457763672,0.0,59581.8515625,59766.19921875,59187.1015625,59194.6015625,122600.0
2026-01-01 05:30:00+05:30,6845.5,6901.419921875,6844.5498046875,6898.81982421875,3261830000.0,89.76940155029297,89.93800354003906,89.64399719238281,89.76969909667969,0.0,4325.60009765625,4363.7998046875,4285.0,4333.5,785.0,57.41999816894531,58.54999923706055,57.20000076293945,57.95000076293945,157160.0,14.949999809265137,15.170000076293945,14.380000114440918,14.770000457763672,0.0,59711.55078125,59743.19921875,59569.6484375,59674.80078125,71800.0
2026-01-02 05:30:00+05:30,6858.47021484375,6894.8701171875,6824.31005859375,6878.10986328125,4184120000.0,89.96189880371094,90.3147964477539,89.83650207519531,89.96189880371094,0.0,4314.39990234375,4350.60009765625,4314.39990234375,4350.60009765625,589.0,57.31999969482422,57.93000030517578,56.599998474121094,57.40999984741211,189503.0,14.510000228881836,15.420000076293945,14.460000038146973,14.850000381469727,0.0,60150.94921875,60203.75,59738.25,59757.3984375,250400.0
2026-01-05 05:30:00+05:30,6902.0498046875,6920.3798828125,6891.56005859375,6892.18994140625,5771930000.0,90.00700378417969,90.30829620361328,90.00700378417969,90.00700378417969,0.0,4436.89990234375,4443.5,4384.7998046875,4386.7001953125,618.0,58.31999969482422,58.5099983215332,56.310001373291016,57.470001220703125,301483.0,14.899999618530273,15.270000457763672,14.649999618530273,15.140000343322754,0.0,60044.19921875,60437.3515625,59859.80078125,60360.3984375,318500.0
2026-01-06 05:30:00+05:30,6944.81982421875,6948.68994140625,6904.02001953125,6908.02978515625,5509680000.0,90.23300170898438,90.25700378417969,90.05999755859375,90.23290252685547,0.0,4482.2001953125,4482.2001953125,4449.0,4449.7001953125,459.0,57.130001068115234,58.869998931884766,56.84000015258789,58.34000015258789,292067.0,14.75,15.210000038146973,14.630000114440918,15.0,0.0,60118.3984375,60305.0,59844.80078125,59957.80078125,295400.0
2026-01-07 05:30:00+05:30,6920.93017578125,6965.68994140625,6919.18994140625,6945.06982421875,5214480000.0,90.16609954833984,90.21800231933594,89.74700164794922,90.14739990234375,0.0,4449.2998046875,4450.0,4449.2998046875,4450.0,972.0,55.9900016784668,57.16999816894531,55.7599983215332,57.0,383128.0,15.380000114440918,15.479999542236328,14.829999923706055,14.949999809265137,0.0,59990.8515625,60065.3984375,59760.6484375,60039.69921875,376300.0
2026-01-08 05:30:00+05:30,6921.4599609375,6931.27978515625,6899.330078125,6914.10986328125,5333200000.0,89.8644027709961,90.12329864501953,89.72899627685547,89.83799743652344,0.0,4449.7001953125,4461.2998046875,4418.0,4460.2001953125,2423.0,57.7599983215332,58.7400016784668,55.970001220703125,56.41999816894531,334134.0,15.449999809265137,15.850000381469727,15.149999618530273,15.6899995803833,0.0,59686.5,60112.8515625,59564.80078125,59893.1484375,312900.0
2026-01-09 05:30:00+05:30,6966.27978515625,6978.35986328125,6917.64013671875,6927.830078125,5163900000.0,89.90540313720703,90.36399841308594,89.81610107421875,89.90540313720703,0.0,4490.2998046875,4490.2998046875,4473.0,4473.0,237.0,59.119998931884766,59.77000045776367,57.61000061035156,58.400001525878906,360309.0,14.489999771118164,15.8100004196167,14.430000305175781,15.680000305175781,0.0,59251.55078125,59739.6484375,59154.19921875,59558.1484375,272500.0
2026-01-12 05:30:00+05:30,6977.27001953125,6986.330078125,6934.06982421875,6944.1201171875,5019040000.0,90.23600006103516,90.42919921875,90.12049865722656,90.23600006103516,0.0,4604.2998046875,4620.0,4577.7998046875,4579.10009765625,156.0,59.5,59.90999984741211,58.45000076293945,59.0,309700.0,15.119999885559082,16.65999984741211,15.029999732971191,16.059999465942383,0.0,59450.5,59541.1015625,58864.19921875,59217.25,262400.0
2026-01-13 05:30:00+05:30,6963.740234375,6985.830078125,6938.77001953125,6977.41015625,5091730000.0,90.13269805908203,90.44860076904297,90.13269805908203,90.13269805908203,0.0,4589.2001953125,4617.10009765625,4578.60009765625,4578.60009765625,239.0,61.150001525878906,61.5,59.470001220703125,59.95000076293945,411190.0,15.979999542236328,16.5,14.75,15.359999656677246,0.0,59578.80078125,59767.55078125,59312.05078125,59767.55078125,224200.0
2026-01-14 05:30:00+05:30,6926.60009765625,6941.2998046875,6885.740234375,6937.41015625,5530830000.0,90.27300262451172,90.4468002319336,89.98500061035156,90.27300262451172,0.0,4626.2998046875,4635.0,4608.2001953125,4610.2998046875,1313.0,62.02000045776367,62.36000061035156,59.189998626708984,61.119998931884766,410261.0,16.75,18.100000381469727,16.219999313354492,16.329999923706055,0.0,59580.1484375,59796.6484375,59324.19921875,59330.3515625,341500.0
2026-01-15 05:30:00+05:30,6944.47021484375,6979.33984375,6937.93017578125,6969.4599609375,5114050000.0,90.18319702148438,90.42379760742188,90.18199920654297,90.18319702148438,0.0,4616.2998046875,4616.2998046875,4612.89990234375,4612.89990234375,4358.0,59.189998626708984,61.13999938964844,58.880001068115234,61.060001373291016,113642.0,15.84000015258789,16.540000915527344,15.300000190734863,16.520000457763672,0.0,59580.1484375,59796.6484375,59324.19921875,59330.3515625,341500.0
2026-01-16 05:30:00+05:30,6940.009765625,6967.2998046875,6925.08984375,6960.5400390625,5356550000.0,90.36160278320312,90.86299896240234,90.27570343017578,90.36160278320312,0.0,4588.39990234375,4608.0,4588.39990234375,4608.0,352.0,59.439998626708984,60.18000030517578,58.939998626708984,59.2599983215332,113794.0,15.859999656677246,16.290000915527344,15.300000190734863,15.4399995803833,0.0,60095.1484375,60235.1484375,59510.5,59590.3515625,478100.0
2026-01-19 05:30:00+05:30,6940.009765625,6967.2998046875,6925.08984375,6960.5400390625,5356550000.0,90.7020034790039,91.00029754638672,90.5958023071289,90.7020034790039,0.0,4588.39990234375,4608.0,4588.39990234375,4608.0,352.0,59.439998626708984,60.18000030517578,58.939998626708984,59.2599983215332,113794.0,15.859999656677246,16.290000915527344,15.300000190734863,15.4399995803833,0.0,59891.3515625,60107.5,59594.6015625,60093.30078125,492900.0
2026-01-20 05:30:00+05:30,6796.85986328125,6871.169921875,6789.0498046875,6865.240234375,5769500000.0,90.90450286865234,91.04810333251953,90.86930084228516,90.90450286865234,0.0,4759.60009765625,4764.0,4661.7998046875,4662.2001953125,175.0,60.34000015258789,60.68000030517578,58.70000076293945,59.0099983215332,499595.0,20.09000015258789,20.989999771118164,18.639999389648438,19.940000534057617,0.0,59404.19921875,59993.5,59283.94921875,59851.3984375,396100.0
2026-01-21 05:30:00+05:30,6875.6201171875,6910.39013671875,6804.9599609375,6810.7099609375,5835520000.0,91.11840057373047,91.80999755859375,91.00270080566406,91.11830139160156,0.0,4831.7998046875,4872.2998046875,4771.5,4863.5,1706.0,60.619998931884766,60.88999938964844,59.220001220703125,59.56999969482422,333062.0,16.899999618530273,20.809999465942383,16.670000076293945,19.309999465942383,0.0,58800.30078125,59447.3515625,58278.6015625,59142.0,331700.0
2026-01-22 05:30:00+05:30,6913.35009765625,6934.75,6893.6201171875,6914.43994140625,5307580000.0,91.53690338134766,91.66500091552734,91.09310150146484,91.53700256347656,0.0,4908.7998046875,4908.7998046875,4791.89990234375,4791.89990234375,1175.0,59.36000061035156,60.81999969482422,58.959999084472656,60.68000030517578,324349.0,15.640000343322754,16.670000076293945,15.270000457763672,16.649999618530273,0.0,59200.1015625,59573.1015625,58823.05078125,59194.25,300700.0
2026-01-23 05:30:00+05:30,6915.60986328125,6932.9599609375,6895.5,6907.85009765625,4871930000.0,91.55829620361328,91.97599792480469,91.4229965209961,91.55829620361328,0.0,4976.2001953125,4976.2001953125,4936.0,4949.60009765625,169.0,61.06999969482422,61.36000061035156,59.52000045776367,59.65999984741211,283419.0,16.09000015258789,16.209999084472656,15.300000190734863,15.680000305175781,0.0,58473.1015625,59400.1484375,58346.25,59305.1484375,323400.0
2026-01-26 05:30:00+05:30,6950.22998046875,6964.66015625,6921.60009765625,6923.22998046875,4968050000.0,91.5009994506836,91.78759765625,91.38400268554688,91.5927963256836,0.0,5079.7001953125,5095.60009765625,5052.2001953125,5081.5,180.0,60.630001068115234,61.709999084472656,60.31999969482422,61.220001220703125,281062.0,16.149999618530273,17.389999389648438,15.800000190734863,16.899999618530273,0.0,58473.1015625,59400.1484375,58346.25,59305.1484375,323400.0
2026-01-27 05:30:00+05:30,6978.60009765625,6988.81982421875,6958.830078125,6965.9599609375,5331720000.0,91.71309661865234,91.88800048828125,91.5031967163086,91.71309661865234,0.0,5079.89990234375,5079.89990234375,5079.89990234375,5079.89990234375,34.0,62.38999938964844,62.630001068115234,60.13999938964844,60.779998779296875,360208.0,16.350000381469727,16.3700008392334,15.739999771118164,16.020000457763672,0.0,59205.44921875,59436.80078125,58121.6015625,58366.05078125,388800.0
2026-01-28 05:30:00+05:30,6978.02978515625,7002.27978515625,6963.4599609375,7002.0,5507670000.0,91.5343017578125,92.32749938964844,91.41809844970703,91.5343017578125,0.0,5301.60009765625,5301.60009765625,5301.60009765625,5301.60009765625,112054.0,63.209999084472656,63.56999969482422,62.06999969482422,62.58000183105469,354864.0,16.350000381469727,17.18000030517578,16.049999237060547,16.09000015258789,0.0,59598.80078125,59699.8984375,59240.1015625,59575.6484375,289300.0
2026-01-29 05:30:00+05:30,6969.009765625,6992.83984375,6870.7998046875,6977.740234375,6877780000.0,92.04080200195312,92.13009643554688,91.80560302734375,92.04080200195312,0.0,5318.39990234375,5586.2001953125,5097.5,5415.7001953125,23709.0,65.41999816894531,66.4800033569336,63.279998779296875,63.5,560007.0,16.8799991607666,19.739999771118164,16.020000457763672,16.040000915527344,0.0,59957.8515625,60060.69921875,59339.0,59416.25,617400.0
2026-01-30 05:30:00+05:30,6939.02978515625,6964.08984375,6893.47998046875,6947.27001953125,6697340000.0,91.78189849853516,92.0177993774414,91.78199768066406,91.78199768066406,0.0,4713.89990234375,5440.5,4700.0,5376.39990234375,8374.0,65.20999908447266,66.11000061035156,63.63999938964844,65.5199966430664,449325.0,17.440000534057617,19.270000457763672,16.670000076293945,18.719999313354492,0.0,59610.44921875,59906.8984375,59501.80078125,59542.25,317800.0
2026-02-02 05:30:00+05:30,6976.43994140625,6991.919921875,6914.33984375,6916.64013671875,5772050000.0,91.68699645996094,92.01950073242188,90.90809631347656,91.68240356445312,0.0,4622.5,4855.7998046875,4400.0,4807.7001953125,3588.0,62.13999938964844,64.73999786376953,61.38999938964844,64.72000122070312,414083.0,16.34000015258789,19.959999084472656,16.079999923706055,19.950000762939453,0.0,58619.0,58687.05078125,57829.8515625,58239.30078125,282500.0
2026-02-03 05:30:00+05:30,6917.81005859375,6993.080078125,6862.0498046875,6985.4501953125,7017660000.0,90.24559783935547,90.5322036743164,90.02780151367188,90.24559783935547,0.0,4903.7001953125,4984.60009765625,4674.2998046875,4680.0,1213.0,63.209999084472656,64.20999908447266,61.119998931884766,62.279998779296875,381144.0,18.0,20.3700008392334,16.049999237060547,16.15999984741211,0.0,60041.30078125,61764.8515625,59793.19921875,61411.19921875,368300.0
2026-02-04 05:30:00+05:30,6882.72021484375,6936.08984375,6838.7998046875,6924.5,7475750000.0,90.42289733886719,90.52799987792969,90.23600006103516,90.42289733886719,0.0,4920.39990234375,5082.2001953125,4897.89990234375,4923.2998046875,3886.0,65.13999938964844,65.52999877929688,62.86000061035156,63.79999923706055,446588.0,18.639999389648438,21.239999771118164,17.469999313354492,17.6299991607666,0.0,60238.1484375,60389.3984375,59891.75,60163.3515625,255600.0
2026-02-05 05:30:00+05:30,6798.39990234375,6857.85009765625,6780.1298828125,6837.39013671875,6989120000.0,90.125,90.51580047607422,90.0708999633789,90.125,0.0,4861.39990234375,5012.2998046875,4786.0,5008.7001953125,793.0,63.290000915527344,64.66999816894531,62.650001525878906,64.48999786376953,389763.0,21.770000457763672,23.100000381469727,19.059999465942383,19.239999771118164,0.0,60063.6484375,60328.30078125,59881.05078125,60315.3515625,200.0
2026-02-06 05:30:00+05:30,6932.2998046875,6944.89013671875,6816.740234375,6816.740234375,6283680000.0,90.3147964477539,90.81999969482422,90.17729949951172,90.3147964477539,0.0,4951.2001953125,4958.5,4655.0,4762.0,1386.0,63.54999923706055,64.58000183105469,62.20000076293945,63.099998474121094,448924.0,20.3700008392334,21.489999771118164,19.989999771118164,21.239999771118164,0.0,60120.55078125,60149.8984375,59644.55078125,59967.1015625,204800.0
2026-02-09 05:30:00+05:30,6964.81982421875,6980.10009765625,6905.8701171875,6917.259765625,5650260000.0,90.58799743652344,90.79100036621094,90.3655014038086,90.58899688720703,0.0,5050.89990234375,5065.7001953125,4979.10009765625,5017.39990234375,170.0,64.36000061035156,64.87999725341797,62.619998931884766,62.9900016784668,298005.0,17.360000610351562,19.200000762939453,16.899999618530273,17.950000762939453,0.0,60669.3515625,60876.19921875,60495.69921875,60805.19921875,263400.0
2026-02-10 05:30:00+05:30,6941.81005859375,6986.830078125,6937.52978515625,6974.490234375,5595950000.0,90.82279968261719,90.77649688720703,90.46440124511719,90.76020050048828,0.0,5003.7998046875,5029.0,5002.7001953125,5013.5,281.0,63.959999084472656,64.70999908447266,63.650001525878906,64.44000244140625,276292.0,17.790000915527344,17.969999313354492,17.139999389648438,17.469999313354492,0.0,60626.3984375,60797.55078125,60531.55078125,60740.80078125,215900.0
2026-02-11 05:30:00+05:30,6941.47021484375,6993.47998046875,6911.97021484375,6976.47998046875,6175510000.0,90.58789825439453,90.81169891357422,90.4657974243164,90.58809661865234,0.0,5071.60009765625,5111.2998046875,5041.2998046875,5049.89990234375,2681.0,64.62999725341797,65.83000183105469,64.1500015258789,64.19999694824219,340194.0,17.649999618530273,18.959999084472656,16.75,17.8700008392334,0.0,60745.3515625,60779.94921875,60444.6484375,60670.25,235100.0
2026-02-12 05:30:00+05:30,6832.759765625,6973.22021484375,6824.0400390625,6957.5400390625,7118700000.0,90.73570251464844,90.73609924316406,90.3646011352539,90.73580169677734,0.0,4923.7001953125,5078.10009765625,4892.0,5060.39990234375,484.0,62.84000015258789,65.0999984741211,62.38999938964844,64.87000274658203,369303.0,20.81999969482422,21.209999084472656,17.079999923706055,17.440000534057617,0.0,60739.75,60864.3984375,60597.6484375,60786.1484375,267000.0
2026-02-13 05:30:00+05:30,6836.169921875,6881.9599609375,6794.5498046875,6834.27001953125,5718360000.0,90.56410217285156,90.7500991821289,90.5072021484375,90.56420135498047,0.0,5022.0,5043.89990234375,4946.2001953125,4953.0,232.0,62.88999938964844,63.2599983215332,62.13999938964844,62.9900016784668,255793.0,20.600000381469727,22.399999618530273,18.920000076293945,21.479999542236328,0.0,60186.6484375,60621.8984375,60073.55078125,60504.3984375,236600.0
2026-02-16 05:30:00+05:30,6836.169921875,6881.9599609375,6794.5498046875,6834.27001953125,5718360000.0,90.57119750976562,90.8218994140625,90.52210235595703,90.5552978515625,0.0,5022.0,5043.89990234375,4946.2001953125,4953.0,232.0,62.88999938964844,63.2599983215332,62.13999938964844,62.9900016784668,255793.0,20.600000381469727,22.399999618530273,18.920000076293945,21.479999542236328,0.0,60949.1015625,61011.30078125,59861.1015625,59947.80078125,168600.0
2026-02-17 05:30:00+05:30,6843.22021484375,6866.990234375,6775.5,6819.85986328125,5418480000.0,90.78299713134766,90.79910278320312,90.62220001220703,90.78289794921875,0.0,4882.89990234375,5020.0,4847.7998046875,5020.0,540.0,62.33000183105469,64.13999938964844,61.869998931884766,63.29999923706055,328727.0,20.290000915527344,22.959999084472656,19.760000228881836,21.739999771118164,0.0,61174.0,61241.6015625,60560.0,60821.1484375,264000.0
2026-02-18 05:30:00+05:30,6881.31005859375,6909.1201171875,6849.66015625,6855.47998046875,5098160000.0,90.6261978149414,90.7510986328125,90.58200073242188,90.6261978149414,0.0,4986.5,4987.0,4869.5,4872.2001953125,544.0,65.19000244140625,65.55999755859375,62.119998931884766,62.29999923706055,115379.0,19.6200008392334,20.34000015258789,18.479999542236328,19.780000686645508,0.0,61550.80078125,61596.8515625,61100.8984375,61255.3515625,218100.0
2026-02-19 05:30:00+05:30,6861.89013671875,6879.1201171875,6833.06005859375,6861.33984375,5151690000.0,90.79350280761719,91.21410369873047,90.73480224609375,90.79340362548828,0.0,4975.89990234375,5014.7001953125,4975.89990234375,5014.7001953125,37.0,66.43000030517578,66.9000015258789,64.87999725341797,65.0999984741211,113408.0,20.229999542236328,21.110000610351562,19.229999542236328,19.34000015258789,0.0,60739.55078125,61678.80078125,60592.8984375,61660.8515625,190600.0
2026-02-20 05:30:00+05:30,6909.509765625,6915.85986328125,6836.330078125,6843.259765625,5432480000.0,91.04109954833984,91.0907974243164,90.72989654541016,91.04109954833984,0.0,5059.2998046875,5072.7001953125,5039.5,5039.5,134.0,66.38999938964844,67.05000305175781,65.94000244140625,66.66999816894531,351351.0,19.09000015258789,21.209999084472656,18.760000228881836,20.040000915527344,0.0,61172.0,61360.5,60562.3515625,60627.8515625,219800.0
2026-02-23 05:30:00+05:30,6837.75,6916.9599609375,6819.81982421875,6901.25,5638350000.0,90.72660064697266,90.97039794921875,90.67179870605469,90.76480102539062,0.0,5204.7001953125,5211.60009765625,5120.2998046875,5120.2998046875,779.0,66.30999755859375,67.27999877929688,65.37999725341797,65.88999938964844,270365.0,21.010000228881836,22.040000915527344,19.5,20.489999771118164,0.0,61264.25,61517.80078125,61029.1484375,61145.55078125,841900.0
2026-02-24 05:30:00+05:30,6890.06982421875,6899.169921875,6815.43017578125,6837.3701171875,5266090000.0,91.02010345458984,91.02310180664062,90.82479858398438,91.01509857177734,0.0,5155.7998046875,5159.0,5112.7001953125,5158.7998046875,88.0,65.62999725341797,67.1500015258789,65.55000305175781,66.30999755859375,312124.0,19.549999237060547,22.079999923706055,19.229999542236328,21.239999771118164,0.0,61047.30078125,61435.6484375,60801.8515625,61392.1015625,587700.0
2026-02-25 05:30:00+05:30,6946.1298828125,6952.509765625,6915.14990234375,6915.14990234375,5328060000.0,90.91799926757812,90.95999908447266,90.85310363769531,90.91809844970703,0.0,5206.39990234375,5206.39990234375,5166.0,5166.0,1772.0,65.41999816894531,66.5999984741211,65.12000274658203,66.06999969482422,306780.0,17.93000030517578,19.6200008392334,17.860000610351562,19.59000015258789,0.0,61043.3515625,61317.55078125,60816.75,61175.05078125,321600.0
2026-02-26 05:30:00+05:30,6908.85986328125,6947.25,6859.72998046875,6944.740234375,5889550000.0,90.95099639892578,91.06600189208984,90.80899810791016,90.95120239257812,0.0,5176.5,5199.2001953125,5143.89990234375,5177.2001953125,1520.0,65.20999908447266,66.70999908447266,63.599998474121094,65.6500015258789,498542.0,18.6299991607666,20.540000915527344,17.5,18.06999969482422,0.0,61187.69921875,61284.75,60813.30078125,61193.8984375,602700.0
2026-02-27 05:30:00+05:30,6878.8798828125,6882.9599609375,6831.740234375,6856.5400390625,6665660000.0,91.00740051269531,91.1323013305664,90.89430236816406,91.00740051269531,0.0,5230.5,5280.0,5176.7001953125,5186.7001953125,354.0,67.0199966430664,67.83000183105469,64.8499984741211,65.3499984741211,437053.0,19.860000610351562,21.739999771118164,18.770000457763672,19.280000686645508,0.0,60529.0,61086.44921875,60438.94921875,61057.44921875,369200.0
2026-03-02 05:30:00+05:30,6881.6201171875,6901.009765625,6796.85009765625,6824.35986328125,6079080000.0,91.07959747314453,91.77850341796875,91.07579803466797,91.07579803466797,0.0,5294.39990234375,5405.0,5266.2998046875,5346.60009765625,72.0,71.2300033569336,75.33000183105469,69.19999694824219,75.0,881329.0,21.440000534057617,25.239999771118164,20.3700008392334,24.65999984741211,0.0,59839.6484375,60177.5,59148.0,59204.30078125,387100.0
2026-03-03 05:30:00+05:30,6816.6298828125,6840.0498046875,6710.419921875,6800.259765625,6442080000.0,91.56340026855469,92.42130279541016,91.56060028076172,91.56300354003906,0.0,5107.39990234375,5303.7998046875,5023.0,5298.7001953125,1776.0,74.55999755859375,77.9800033569336,70.41000366210938,71.2300033569336,1009753.0,23.56999969482422,28.149999618530273,22.18000030517578,24.56999969482422,0.0,59839.6484375,60177.5,59148.0,59204.30078125,387100.0
2026-03-04 05:30:00+05:30,6869.5,6885.93994140625,6811.64013671875,6831.68994140625,5252170000.0,92.00859832763672,92.29630279541016,91.8240966796875,92.00859832763672,0.0,5120.2001953125,5180.2001953125,5117.2001953125,5130.7001953125,679.0,74.66000366210938,77.2300033569336,73.27999877929688,74.73999786376953,617822.0,21.149999618530273,24.8700008392334,20.399999618530273,24.389999389648438,0.0,58755.25,59058.3984375,58393.55078125,58447.1484375,363100.0
2026-03-05 05:30:00+05:30,6830.7099609375,6870.43017578125,6770.77978515625,6851.080078125,5989300000.0,92.12300109863281,92.1708984375,91.32669830322266,92.12310028076172,0.0,5065.2998046875,5169.5,5054.7001953125,5169.5,1701.0,81.01000213623047,82.16000366210938,74.97000122070312,76.1500015258789,707030.0,23.75,25.84000015258789,20.549999237060547,22.110000610351562,0.0,59055.8515625,59274.3515625,58506.3984375,59008.25,273500.0
2026-03-06 05:30:00+05:30,6740.02001953125,6773.419921875,6711.56005859375,6769.02978515625,5793120000.0,91.78690338134766,91.96649932861328,91.55979919433594,91.78690338134766,0.0,5146.10009765625,5146.10009765625,5076.10009765625,5121.0,148.0,90.9000015258789,92.61000061035156,78.23999786376953,79.08000183105469,996251.0,29.489999771118164,29.93000030517578,22.920000076293945,23.200000762939453,0.0,57783.25,58807.1484375,57696.3984375,58629.6015625,256900.0
2026-03-09 05:30:00+05:30,6795.990234375,6810.43994140625,6636.0400390625,6699.7998046875,6709410000.0,91.93620300292969,92.34880065917969,91.94029998779297,91.94029998779297,0.0,5091.5,5160.60009765625,5077.7001953125,5155.0,639.0,94.7699966430664,119.4800033569336,81.19000244140625,98.0,1107193.0,25.5,35.29999923706055,24.760000228881836,35.119998931884766,0.0,56019.80078125,56274.1484375,55270.6015625,56121.3984375,374100.0
2026-03-10 05:30:00+05:30,6781.47998046875,6845.080078125,6759.740234375,6796.56005859375,5944950000.0,91.220703125,92.46659851074219,90.86039733886719,91.220703125,0.0,5229.7001953125,5229.7001953125,5137.60009765625,5138.2001953125,4300.0,83.44999694824219,91.4800033569336,76.7300033569336,85.75,801564.0,24.93000030517578,26.010000228881836,22.190000534057617,24.389999389648438,0.0,56950.80078125,57097.05078125,56387.19921875,56583.8515625,346800.0
2026-03-11 05:30:00+05:30,6775.7998046875,6811.14990234375,6745.58984375,6790.08984375,5511090000.0,92.16510009765625,92.20580291748047,89.06490325927734,92.16510009765625,0.0,5167.39990234375,5191.2998046875,5167.39990234375,5190.7998046875,633.0,87.25,88.98999786376953,81.79000091552734,86.88999938964844,538020.0,24.229999542236328,26.229999542236328,23.75,24.899999618530273,0.0,55735.75,56938.3984375,55631.94921875,56790.3984375,261000.0
2026-03-12 05:30:00+05:30,6672.6201171875,6740.8798828125,6670.39990234375,6740.8798828125,6292170000.0,92.22879791259766,92.6946029663086,91.9843978881836,92.22879791259766,0.0,5115.7998046875,5137.2001953125,5115.7998046875,5137.2001953125,410.0,95.7300033569336,97.19000244140625,88.61000061035156,89.31999969482422,548999.0,27.290000915527344,27.329999923706055,24.600000381469727,25.479999542236328,0.0,55100.94921875,55636.94921875,54760.55078125,55008.19921875,311300.0
2026-03-13 05:30:00+05:30,6632.18994140625,6733.2998046875,6623.919921875,6673.490234375,5337120000.0,92.38990020751953,92.4990005493164,92.25140380859375,92.38980102539062,0.0,5052.5,5117.0,5009.5,5089.60009765625,479.0,98.70999908447266,99.31999969482422,92.04000091552734,96.73999786376953,436700.0,27.190000534057617,28.469999313354492,24.670000076293945,27.850000381469727,0.0,53757.8515625,54713.75,53675.69921875,54592.05078125,327500.0
2026-03-16 05:30:00+05:30,6699.3798828125,6729.7900390625,6674.3701171875,6674.3701171875,5176290000.0,92.5635986328125,92.82080078125,92.14459991455078,92.58470153808594,0.0,4994.0,5010.60009765625,4994.0,5001.60009765625,130.0,93.5,102.44000244140625,92.93000030517578,100.93000030517578,455454.0,23.510000228881836,26.420000076293945,23.229999542236328,25.8799991607666,0.0,54413.3984375,54664.1484375,53258.1484375,53721.5,390200.0
2026-03-17 05:30:00+05:30,6716.08984375,6754.2998046875,6710.7998046875,6722.35009765625,5063390000.0,92.28269958496094,92.47550201416016,92.26679992675781,92.28269958496094,0.0,5001.0,5017.60009765625,4994.2001953125,5017.60009765625,239.0,96.20999908447266,98.41999816894531,93.83000183105469,94.41000366210938,308425.0,22.3700008392334,24.579999923706055,21.8700008392334,24.559999465942383,0.0,54876.0,54996.0,54113.1484375,54649.1015625,277100.0
2026-03-18 05:30:00+05:30,6624.7001953125,6705.18017578125,6621.66015625,6697.16015625,5275480000.0,92.39129638671875,92.91960144042969,92.3239974975586,92.39129638671875,0.0,4889.89990234375,4949.60009765625,4821.7001953125,4949.60009765625,1461.0,96.31999969482422,100.55000305175781,91.95999908447266,96.0,157222.0,25.09000015258789,25.1299991607666,21.469999313354492,21.510000228881836,0.0,55326.05078125,55554.1484375,54689.1015625,54927.05078125,223200.0
2026-03-19 05:30:00+05:30,6606.490234375,6636.740234375,6557.81982421875,6583.1201171875,5973390000.0,93.24659729003906,93.40709686279297,92.80950164794922,93.24659729003906,0.0,4600.7001953125,4830.2998046875,4554.0,4830.2998046875,627.0,96.13999938964844,101.4800033569336,92.80000305175781,99.12999725341797,118719.0,24.059999465942383,27.520000457763672,23.540000915527344,25.600000381469727,0.0,53451.0,54150.30078125,53240.6015625,53474.55078125,395300.0
2026-03-20 05:30:00+05:30,6506.47998046875,6594.66015625,6473.52001953125,6594.66015625,10025820000.0,93.0822982788086,93.81780242919922,92.7781982421875,93.0822982788086,0.0,4570.39990234375,4686.89990234375,4570.39990234375,4686.89990234375,235.0,98.31999969482422,99.66999816894531,93.41999816894531,95.0,461845.0,26.780000686645508,29.280000686645508,23.68000030517578,24.459999084472656,0.0,53427.05078125,54382.44921875,53297.55078125,53548.19921875,403500.0
2026-03-23 05:30:00+05:30,6581.0,6651.6201171875,6565.5498046875,6574.9599609375,6020650000.0,93.89530181884766,94.13150024414062,92.85369873046875,94.04840087890625,0.0,4404.10009765625,4480.39990234375,4100.7998046875,4353.0,544.0,88.12999725341797,101.66999816894531,84.37000274658203,100.51000213623047,666790.0,26.149999618530273,31.040000915527344,20.280000686645508,30.040000915527344,0.0,51437.75,52665.30078125,51323.6015625,52576.1015625,397300.0
2026-03-24 05:30:00+05:30,6556.3701171875,6595.75,6525.10986328125,6552.08984375,5278580000.0,93.24369812011719,93.94580078125,93.24369812011719,93.24369812011719,0.0,4399.2998046875,4399.2998046875,4325.2001953125,4338.7001953125,378.0,92.3499984741211,93.36000061035156,86.33999633789062,88.77999877929688,420067.0,26.950000762939453,27.940000534057617,25.639999389648438,25.90999984741211,0.0,52605.6484375,52949.1484375,51827.5,52384.80078125,340600.0
2026-03-25 05:30:00+05:30,6591.89990234375,6633.93994140625,6568.41015625,6598.35009765625,4936720000.0,94.29969787597656,94.29969787597656,93.67649841308594,94.29969787597656,0.0,4549.7998046875,4551.89990234375,4541.7998046875,4549.0,388.0,90.31999969482422,91.7300033569336,86.45999908447266,88.48999786376953,405170.0,25.329999923706055,26.670000076293945,24.81999969482422,25.790000915527344,0.0,53708.1015625,54146.1484375,53024.75,53024.75,348600.0
2026-03-26 05:30:00+05:30,6477.16015625,6573.22021484375,6473.7900390625,6555.85986328125,4845560000.0,94.6937026977539,94.6937026977539,93.80010223388672,94.6937026977539,0.0,4375.5,4443.10009765625,4375.5,4441.5,1070.0,94.4800033569336,95.44000244140625,89.51000213623047,91.37999725341797,350768.0,27.440000534057617,28.489999771118164,26.1200008392334,26.489999771118164,0.0,53708.1015625,54146.1484375,53024.75,53024.75,348600.0
2026-03-27 05:30:00+05:30,6368.85009765625,6453.89013671875,6356.080078125,6453.89013671875,5303490000.0,94.30950164794922,94.9446029663086,94.09410095214844,94.30950164794922,0.0,4492.0,4492.0,4492.0,4492.0,74348.0,99.63999938964844,101.23999786376953,92.08000183105469,93.30999755859375,374920.0,31.049999237060547,31.649999618530273,27.540000915527344,27.540000915527344,0.0,52274.6015625,53292.5,52211.19921875,53244.25,653000.0
2026-03-30 05:30:00+05:30,6343.72021484375,6427.31005859375,6316.91015625,6403.3701171875,5458640000.0,94.78179931640625,95.14540100097656,92.64700317382812,94.78179931640625,0.0,4526.0,4579.10009765625,4413.39990234375,4482.7998046875,10816.0,102.87999725341797,105.36000061035156,99.43000030517578,102.5999984741211,374075.0,30.610000610351562,31.520000457763672,29.329999923706055,30.790000915527344,0.0,50275.3515625,51624.5,50105.25,51527.8984375,564900.0
2026-03-31 05:30:00+05:30,6528.52001953125,6539.0498046875,6395.8798828125,6395.8798828125,6396100000.0,94.35590362548828,94.90390014648438,93.48079681396484,94.35590362548828,0.0,4647.60009765625,4684.10009765625,4508.60009765625,4510.0,4264.0,101.37999725341797,106.86000061035156,99.62000274658203,105.06999969482422,495395.0,25.25,29.639999389648438,25.079999923706055,29.530000686645508,0.0,50275.3515625,51624.5,50105.25,51527.8984375,564900.0
2026-04-01 05:30:00+05:30,6575.31982421875,6609.669921875,6554.2900390625,6556.56005859375,5637260000.0,93.48429870605469,93.87799835205078,92.76249694824219,93.48429870605469,0.0,4783.2001953125,4789.10009765625,4668.0,4668.39990234375,1637.0,100.12000274658203,103.30999755859375,96.5,101.72000122070312,434561.0,24.540000915527344,25.350000381469727,23.5,24.299999237060547,0.0,51448.6484375,52025.8515625,51133.55078125,51433.8984375,370100.0
2026-04-02 05:30:00+05:30,6582.68994140625,6601.91015625,6474.93994140625,6512.60986328125,4740740000.0,92.6426010131836,93.7323989868164,92.48049926757812,92.6426010131836,0.0,4651.5,4784.39990234375,4558.89990234375,4764.89990234375,0.0,111.54000091552734,113.97000122070312,97.5,98.91999816894531,0.0,23.8700008392334,27.889999389648438,23.8700008392334,26.780000686645508,0.0,51548.75,51731.94921875,49954.8515625,50625.6484375,339200.0
2026-04-03 05:30:00+05:30,6582.68994140625,6601.91015625,6474.93994140625,6512.60986328125,4740740000.0,92.97360229492188,92.98500061035156,92.51170349121094,92.97370147705078,0.0,4651.5,4784.39990234375,4558.89990234375,4764.89990234375,0.0,111.54000091552734,113.97000122070312,97.5,98.91999816894531,0.0,23.8700008392334,27.889999389648438,23.8700008392334,26.780000686645508,0.0,51548.75,51731.94921875,49954.8515625,50625.6484375,339200.0
2026-04-06 05:30:00+05:30,6611.830078125,6618.1298828125,6579.72021484375,6587.66015625,3906440000.0,92.97100067138672,93.21769714355469,92.49739837646484,92.97100067138672,0.0,4656.7998046875,4689.60009765625,4605.0,4656.10009765625,148.0,112.41000366210938,115.4800033569336,108.88999938964844,112.95999908447266,271742.0,24.170000076293945,25.299999237060547,23.780000686645508,24.93000030517578,0.0,52609.1015625,52704.55078125,51111.1015625,51747.6015625,355000.0
2026-04-07 05:30:00+05:30,6616.85009765625,6618.259765625,6534.5498046875,6601.93017578125,4555680000.0,92.81659698486328,93.14399719238281,92.7522964477539,92.81659698486328,0.0,4657.10009765625,4676.2998046875,4608.0,4624.89990234375,327.0,112.94999694824219,117.62999725341797,109.19999694824219,112.62000274658203,429331.0,25.780000686645508,28.0,24.34000015258789,25.09000015258789,0.0,52716.25,52778.19921875,51868.44921875,52258.69921875,279700.0
2026-04-08 05:30:00+05:30,6782.81005859375,6793.5,6740.27978515625,6754.35986328125,5904880000.0,92.86019897460938,92.86029815673828,92.22329711914062,92.86019897460938,0.0,4749.5,4851.0,4738.7998046875,4760.0,405.0,94.41000366210938,109.19000244140625,91.05000305175781,108.73999786376953,599576.0,21.040000915527344,22.170000076293945,19.90999984741211,20.969999313354492,0.0,55703.8984375,55778.25,54797.5,54904.44921875,443600.0
2026-04-09 05:30:00+05:30,6824.66015625,6835.31005859375,6761.5498046875,6783.68994140625,4912410000.0,92.2748031616211,92.94450378417969,91.96600341796875,92.2748031616211,0.0,4792.2001953125,4799.10009765625,4711.0,4711.0,1277.0,97.87000274658203,102.69999694824219,95.25,96.77999877929688,427201.0,19.489999771118164,21.6299991607666,19.450000762939453,21.25,0.0,54821.69921875,55583.1015625,54626.8515625,55505.94921875,298800.0
2026-04-10 05:30:00+05:30,6816.89013671875,6845.77001953125,6808.4599609375,6839.240234375,4393220000.0,92.46980285644531,93.07350158691406,92.40499877929688,92.46980285644531,0.0,4761.89990234375,4791.0,4744.89990234375,4745.89990234375,812.0,96.56999969482422,100.41999816894531,95.51000213623047,98.2300033569336,314855.0,19.229999542236328,20.280000686645508,18.829999923706055,19.709999084472656,0.0,55912.75,55978.5,55145.25,55182.25,281000.0
2026-04-13 05:30:00+05:30,6886.240234375,6887.0,6790.02001953125,6806.47021484375,4785840000.0,94.50879669189453,94.91320037841797,93.21920013427734,94.51210021972656,0.0,4742.39990234375,4742.39990234375,4704.0,4704.0,32.0,99.08000183105469,105.62999725341797,97.02999877929688,102.0,344337.0,19.1200008392334,21.579999923706055,18.959999084472656,21.170000076293945,0.0,55605.05078125,55752.6484375,54356.19921875,54646.0,303600.0
2026-04-14 05:30:00+05:30,6967.3798828125,6969.419921875,6905.169921875,6910.2001953125,5032380000.0,94.9468002319336,95.14800262451172,93.0062026977539,94.94999694824219,0.0,4825.0,4841.60009765625,4770.10009765625,4770.10009765625,288.0,91.27999877929688,98.0,91.05999755859375,97.98999786376953,315821.0,18.360000610351562,18.760000228881836,17.889999389648438,18.729999542236328,0.0,55605.05078125,55752.6484375,54356.19921875,54646.0,303600.0
2026-04-15 05:30:00+05:30,7022.9501953125,7026.240234375,6967.1298828125,6978.169921875,5278610000.0,93.16539764404297,93.49500274658203,93.08529663085938,93.16539764404297,0.0,4800.0,4843.60009765625,4798.0,4843.60009765625,182.0,91.29000091552734,93.30000305175781,86.95999908447266,92.0199966430664,240397.0,18.170000076293945,18.5,17.399999618530273,18.18000030517578,0.0,56301.94921875,56786.25,56109.19921875,56343.44921875,268000.0
2026-04-16 05:30:00+05:30,7041.27978515625,7051.22998046875,7008.52001953125,7037.77978515625,5173650000.0,93.38680267333984,93.38729858398438,92.98609924316406,93.38690185546875,0.0,4785.39990234375,4810.89990234375,4785.39990234375,4810.89990234375,805.0,94.69000244140625,95.44000244140625,90.5199966430664,91.47000122070312,194354.0,17.940000534057617,19.09000015258789,17.760000228881836,18.040000915527344,0.0,56086.3984375,56834.25,55898.25,56657.25,402200.0
2026-04-17 05:30:00+05:30,7126.06005859375,7147.52001953125,7074.5498046875,7074.5498046875,6145300000.0,93.04789733886719,93.04820251464844,92.35169982910156,93.04789733886719,0.0,4857.60009765625,4879.7001953125,4767.2001953125,4771.60009765625,1902.0,83.8499984741211,94.04000091552734,80.55999755859375,93.18000030517578,116624.0,17.479999542236328,18.239999771118164,16.8700008392334,18.18000030517578,0.0,56565.69921875,56628.69921875,55841.6484375,56072.3984375,290600.0
2026-04-20 05:30:00+05:30,7109.14013671875,7122.64990234375,7084.41015625,7117.0498046875,4661130000.0,92.60330200195312,93.23500061035156,92.60330200195312,92.60330200195312,0.0,4806.60009765625,4811.0,4770.0,4793.89990234375,724.0,89.61000061035156,91.19999694824219,87.0199966430664,89.0,115578.0,18.8700008392334,19.989999771118164,18.770000457763672,19.579999923706055,0.0,56582.3515625,57085.1015625,56356.55078125,56704.05078125,596100.0
2026-04-21 05:30:00+05:30,7064.009765625,7137.27001953125,7050.2001953125,7122.64013671875,5160270000.0,93.12359619140625,93.61399841308594,93.0457992553711,93.12359619140625,0.0,4698.39990234375,4705.0,4676.39990234375,4698.39990234375,1197.0,92.12999725341797,94.44999694824219,87.76000213623047,87.88999938964844,383596.0,19.5,20.850000381469727,18.75,19.18000030517578,0.0,57371.44921875,57456.30078125,56696.30078125,56823.6015625,281400.0
2026-04-22 05:30:00+05:30,7137.89990234375,7138.64013671875,7102.91015625,7102.91015625,4919460000.0,93.622802734375,93.86000061035156,93.48799896240234,93.622802734375,0.0,4732.5,4754.2001953125,4732.5,4754.2001953125,765.0,92.95999908447266,93.7300033569336,87.63999938964844,90.0,299675.0,18.920000076293945,19.540000915527344,18.68000030517578,19.030000686645508,0.0,57124.44921875,57438.19921875,57002.1484375,57163.3515625,261900.0
2026-04-23 05:30:00+05:30,7108.39990234375,7147.77978515625,7046.5498046875,7118.7998046875,5307260000.0,93.80049896240234,94.1500015258789,93.80049896240234,93.80049896240234,0.0,4705.10009765625,4732.39990234375,4705.10009765625,4711.5,292.0,95.8499984741211,98.38999938964844,92.30000305175781,92.9000015258789,365210.0,19.309999465942383,21.559999465942383,18.700000762939453,19.420000076293945,0.0,56305.0,56868.69921875,56217.1484375,56608.94921875,336300.0
2026-04-24 05:30:00+05:30,7165.080078125,7168.58984375,7112.81982421875,7136.47998046875,4608830000.0,94.11289978027344,94.37580108642578,93.93599700927734,94.11289978027344,0.0,4722.2998046875,4722.2998046875,4657.5,4695.0,45.0,94.4000015258789,97.8499984741211,92.68000030517578,96.62000274658203,330280.0,18.709999084472656,19.350000381469727,18.459999084472656,18.889999389648438,0.0,56089.75,56460.5,55750.3984375,56170.19921875,241200.0
2026-04-27 05:30:00+05:30,7173.91015625,7178.740234375,7146.72021484375,7152.72021484375,4783750000.0,94.25029754638672,94.29509735107422,93.99649810791016,94.25029754638672,0.0,4675.39990234375,4711.10009765625,4675.39990234375,4707.60009765625,538.0,96.37000274658203,97.66999816894531,94.58999633789062,95.5999984741211,219055.0,18.020000457763672,19.270000457763672,18.020000457763672,19.209999084472656,0.0,56264.30078125,56474.94921875,55911.1015625,56162.6015625,235500.0
2026-04-28 05:30:00+05:30,7138.7998046875,7152.52001953125,7115.169921875,7133.740234375,4900650000.0,94.25849914550781,94.72129821777344,94.13590240478516,94.25849914550781,0.0,4591.5,4680.89990234375,4591.5,4680.89990234375,2660.0,99.93000030517578,101.8499984741211,96.23999786376953,96.66999816894531,281078.0,17.829999923706055,19.43000030517578,17.780000686645508,18.299999237060547,0.0,55400.3515625,56138.05078125,55263.75,55862.5,292600.0
2026-04-29 05:30:00+05:30,7135.9501953125,7145.6298828125,7107.85986328125,7131.60986328125,5123100000.0,94.64550018310547,94.86689758300781,94.57050323486328,94.64550018310547,0.0,4545.2001953125,4601.60009765625,4515.7001953125,4598.60009765625,507.0,106.87999725341797,108.5999984741211,98.41999816894531,99.70999908447266,318841.0,18.809999465942383,19.0,17.809999465942383,17.829999923706055,0.0,55403.6015625,56178.75,55290.5,55634.5,313100.0
2026-04-30 05:30:00+05:30,7209.009765625,7219.830078125,7126.14990234375,7161.75,5723790000.0,94.9166030883789,95.39399719238281,94.81490325927734,94.9166030883789,0.0,4614.7001953125,4636.7001953125,4561.89990234375,4561.89990234375,77.0,105.06999969482422,110.93000030517578,103.33999633789062,109.06999969482422,341994.0,16.889999389648438,18.729999542236328,16.8700008392334,18.68000030517578,0.0,54863.3515625,55111.6015625,54440.25,54880.6484375,299000.0
2026-05-01 05:30:00+05:30,7230.1201171875,7272.52001953125,7229.31982421875,7234.5400390625,4847390000.0,94.75910186767578,95.30699920654297,94.68920135498047,94.75910186767578,0.0,4629.89990234375,4636.7001953125,4581.7001953125,4636.7001953125,113.0,101.94000244140625,106.6500015258789,99.30000305175781,105.13999938964844,268707.0,16.989999771118164,17.389999389648438,16.440000534057617,17.010000228881836,0.0,54863.3515625,55111.6015625,54440.25,54880.6484375,299000.0
2026-05-04 05:30:00+05:30,7200.75,7244.5400390625,7174.1201171875,7228.3798828125,5215480000.0,94.90299987792969,95.38980102539062,94.66570281982422,94.90299987792969,0.0,4519.5,4581.2001953125,4512.7001953125,4581.2001953125,20.0,106.41999816894531,107.45999908447266,99.11000061035156,99.7300033569336,342843.0,18.290000915527344,19.079999923706055,17.149999618530273,17.3799991607666,0.0,54878.5,55602.30078125,54723.5,54937.8984375,282600.0
2026-05-05 05:30:00+05:30,7259.22021484375,7273.259765625,7233.6201171875,7233.6201171875,5279760000.0,95.2593994140625,95.3949966430664,94.97740173339844,95.2593002319336,0.0,4555.7998046875,4580.5,4547.60009765625,4547.60009765625,426.0,102.2699966430664,105.4800033569336,101.08000183105469,104.93000030517578,241150.0,17.3799991607666,18.020000457763672,17.200000762939453,17.950000762939453,0.0,54547.05078125,54888.55078125,54221.6484375,54691.30078125,379800.0
2026-05-06 05:30:00+05:30,7365.1201171875,7369.22021484375,7294.14013671875,7294.14013671875,6579640000.0,95.18299865722656,95.18299865722656,94.14810180664062,95.18299865722656,0.0,4681.89990234375,4712.60009765625,4663.60009765625,4663.60009765625,212.0,95.08000183105469,102.69999694824219,88.66000366210938,102.69999694824219,423491.0,17.389999389648438,17.459999084472656,16.18000030517578,17.149999618530273,0.0,55981.05078125,56078.80078125,54587.19921875,55113.3984375,653300.0
2026-05-07 05:30:00+05:30,7337.10986328125,7385.02001953125,7321.25,7376.77978515625,6237040000.0,94.60800170898438,94.89299774169922,93.88870239257812,94.60800170898438,0.0,4699.7998046875,4736.2001953125,4699.7998046875,4704.7998046875,254.0,94.80999755859375,97.98999786376953,89.8499984741211,96.30000305175781,392091.0,17.079999923706055,17.600000381469727,16.850000381469727,17.530000686645508,0.0,56047.3984375,56334.1484375,55783.19921875,56114.0,463500.0
2026-05-08 05:30:00+05:30,7398.93017578125,7401.5,7362.97021484375,7362.97021484375,5302740000.0,94.25299835205078,94.74040222167969,94.25299835205078,94.25299835205078,0.0,4720.39990234375,4724.7998046875,4713.60009765625,4714.39990234375,120.0,95.41999816894531,98.63999938964844,93.81999969482422,98.25,243423.0,17.190000534057617,17.530000686645508,16.81999969482422,17.3700008392334,0.0,55310.55078125,55797.69921875,55062.5,55783.94921875,429500.0
2026-05-11 05:30:00+05:30,7412.83984375,7428.97021484375,7384.2001953125,7385.31005859375,5821910000.0,94.42530059814453,95.31759643554688,94.18180084228516,94.42530059814453,0.0,4718.7001953125,4729.5,4718.7001953125,4729.5,120.0,98.06999969482422,100.37000274658203,96.12999725341797,98.19000244140625,243423.0,18.3799991607666,18.469999313354492,17.899999618530273,18.209999084472656,0.0,54439.8984375,55002.44921875,54360.69921875,54832.44921875,486800.0
2026-05-12 05:30:00+05:30,7412.83984375,7428.97021484375,7384.2001953125,7385.31005859375,5821910000.0,95.65899658203125,95.73999786376953,95.29000091552734,95.30000305175781,0.0,4708.5,4783.39990234375,4692.39990234375,4745.2998046875,44758.0,101.13999938964844,101.19999694824219,98.0,98.38999938964844,27255.0,18.809999465942383,18.81999969482422,18.65999984741211,18.770000457763672,0.0,53719.19921875,54365.44921875,53628.94921875,54178.3984375,0.0
